Workbook

Sheet Esquema
A1: Mundial 2026 - Esquema del archivo
A3: Hoja | B3: Descripcion
A4: Grupo A..L | B4: FUENTE DE VERDAD. Editar los goles directamente en las celdas amarillas.
B5: La tabla de posiciones de ese grupo se recalcula al ingresar el resultado.
B6: Las fechas y horarios estan en hora Argentina (UTC-3).
A7: Partidos | B7: Vista consolidada de todos los partidos de grupos (read-only para goles).
B8: Incluye columna 'Hora (ARG)' con el kickoff. Columnas CeldaGolesLocal/CeldaGolesVisitante: direcciones para Elixir.
A9: Eliminatorias | B9: Bracket completo (R32, R16, Cuartos, Semis, 3er Puesto, Final).
B10: Goles editables en cada partido. El ganador se propaga al siguiente cruce automaticamente.
B11: Columna 'Override' (azul): en caso de empate (penales/prorroga), escribir ahi el equipo ganador.
B12: Incluye fecha y hora (ARG) de cada partido.
A13: Esquema | B13: Esta hoja.
A15: Como editar
A16: Desde la app de Excel/LibreOffice | B16: Abrir 'Grupo X', escribir goles en columnas C y E (amarillas), filas 5..10.
A17: Desde Elixir | B17: Cada fila en hoja 'Partidos' incluye CeldaGolesLocal y CeldaGolesVisitante,
B18: que son la direccion exacta (ej: 'Grupo J!C5') donde escribir.
A20: Esquema (hoja Partidos)
A21: MatchID | B21: Identificador estable. Formato 'A1'..'L6'. Clave para Elixir.
A22: Grupo | B22: Letra del grupo (A-L).
A23: Fecha | B23: YYYY-MM-DD.
A24: Local / Visitante | B24: Texto del equipo.
A25: GolesLocal / GolesVisitante | B25: ENTEROS. Calculado desde la hoja del grupo. Vacio = no jugado.
A26: Resultado | B26: 'L' (gana local), 'V' (gana visitante), 'E' (empate), '' (sin jugar).
A27: Sede | B27: Estadio y ciudad.
A28: CeldaGolesLocal | B28: Direccion absoluta (Hoja!Celda) donde Elixir debe escribir GolesLocal.
A29: CeldaGolesVisitante | B29: Direccion absoluta (Hoja!Celda) donde Elixir debe escribir GolesVisitante.
A30: Finalizado | B30: TRUE/FALSE. Calculado: TRUE cuando ambos goles ya estan cargados.
A32: Consumo desde Elixir
A33: Lectura | B33: Abrir el .xlsx, leer hoja 'Partidos'. Goles ya calculados.
A34: Escritura | B34: Para registrar un resultado: tomar MatchID, leer la fila en 'Partidos', usar CeldaGolesLocal
B35: y CeldaGolesVisitante para saber donde escribir. Ej: 'Grupo J!C5' = celda C5 de la hoja 'Grupo J'.
A36: Librerias | B36: Lectura: xlsx_reader o :exoffice. Escritura preservando formulas es complicada;
B37: mas simple: mantener estado en Elixir (BD/struct) y regenerar el xlsx cuando se necesita visualizar.
A38: Tabla nombrada | B38: Hoja Partidos contiene la tabla Excel 'tbl_Partidos' (facilita el parsing).

Sheet Partidos
A1: MatchID | B1: Grupo | C1: Fecha | D1: Hora (ARG) | E1: Local | F1: GolesLocal | G1: GolesVisitante | H1: Visitante | I1: Resultado | J1: Sede | K1: CeldaGolesLocal | L1: CeldaGolesVisitante | M1: Finalizado
A2: A1 | B2: A | C2: 2026-06-11 | D2: 16:00 | E2: Mexico | F2: =IF('Grupo A'!D5="","",'Grupo A'!D5) -> 1 | G2: =IF('Grupo A'!F5="","",'Grupo A'!F5) -> 2 | H2: Sudafrica | I2: =IF(OR(F2="",G2=""),"",IF(F2>G2,"L",IF(F2<G2,"V","E"))) -> V | J2: Estadio Azteca, CDMX | K2: Grupo A!D5 | L2: Grupo A!F5 | M2: =AND(ISNUMBER(F2),ISNUMBER(G2)) -> TRUE
A3: A2 | B3: A | C3: 2026-06-11 | D3: 23:00 | E3: Corea del Sur | F3: =IF('Grupo A'!D6="","",'Grupo A'!D6) -> 3 | G3: =IF('Grupo A'!F6="","",'Grupo A'!F6) -> 4 | H3: Chequia | I3: =IF(OR(F3="",G3=""),"",IF(F3>G3,"L",IF(F3<G3,"V","E"))) -> V | J3: Estadio Akron, Guadalajara | K3: Grupo A!D6 | L3: Grupo A!F6 | M3: =AND(ISNUMBER(F3),ISNUMBER(G3)) -> TRUE
A4: B1 | B4: B | C4: 2026-06-12 | D4: 16:00 | E4: Canada | F4: =IF('Grupo B'!D5="","",'Grupo B'!D5) -> 1 | G4: =IF('Grupo B'!F5="","",'Grupo B'!F5) -> 2 | H4: Bosnia y Herzegovina | I4: =IF(OR(F4="",G4=""),"",IF(F4>G4,"L",IF(F4<G4,"V","E"))) -> V | J4: BMO Field, Toronto | K4: Grupo B!D5 | L4: Grupo B!F5 | M4: =AND(ISNUMBER(F4),ISNUMBER(G4)) -> TRUE
A5: D1 | B5: D | C5: 2026-06-12 | D5: 22:00 | E5: Estados Unidos | F5: =IF('Grupo D'!D5="","",'Grupo D'!D5) | G5: =IF('Grupo D'!F5="","",'Grupo D'!F5) | H5: Paraguay | I5: =IF(OR(F5="",G5=""),"",IF(F5>G5,"L",IF(F5<G5,"V","E"))) | J5: SoFi Stadium, Inglewood | K5: Grupo D!D5 | L5: Grupo D!F5 | M5: =AND(ISNUMBER(F5),ISNUMBER(G5)) -> FALSE
A6: B2 | B6: B | C6: 2026-06-13 | D6: 16:00 | E6: Qatar | F6: =IF('Grupo B'!D6="","",'Grupo B'!D6) -> 1 | G6: =IF('Grupo B'!F6="","",'Grupo B'!F6) -> 3 | H6: Suiza | I6: =IF(OR(F6="",G6=""),"",IF(F6>G6,"L",IF(F6<G6,"V","E"))) -> V | J6: Levi's Stadium, Santa Clara | K6: Grupo B!D6 | L6: Grupo B!F6 | M6: =AND(ISNUMBER(F6),ISNUMBER(G6)) -> TRUE
A7: C1 | B7: C | C7: 2026-06-13 | D7: 19:00 | E7: Brasil | F7: =IF('Grupo C'!D5="","",'Grupo C'!D5) | G7: =IF('Grupo C'!F5="","",'Grupo C'!F5) | H7: Marruecos | I7: =IF(OR(F7="",G7=""),"",IF(F7>G7,"L",IF(F7<G7,"V","E"))) | J7: MetLife Stadium, East Rutherford | K7: Grupo C!D5 | L7: Grupo C!F5 | M7: =AND(ISNUMBER(F7),ISNUMBER(G7)) -> FALSE
A8: C2 | B8: C | C8: 2026-06-13 | D8: 22:00 | E8: Haiti | F8: =IF('Grupo C'!D6="","",'Grupo C'!D6) | G8: =IF('Grupo C'!F6="","",'Grupo C'!F6) | H8: Escocia | I8: =IF(OR(F8="",G8=""),"",IF(F8>G8,"L",IF(F8<G8,"V","E"))) | J8: Gillette Stadium, Foxboro | K8: Grupo C!D6 | L8: Grupo C!F6 | M8: =AND(ISNUMBER(F8),ISNUMBER(G8)) -> FALSE
A9: D2 | B9: D | C9: 2026-06-14 | D9: 01:00 | E9: Australia | F9: =IF('Grupo D'!D6="","",'Grupo D'!D6) | G9: =IF('Grupo D'!F6="","",'Grupo D'!F6) | H9: Turquia | I9: =IF(OR(F9="",G9=""),"",IF(F9>G9,"L",IF(F9<G9,"V","E"))) | J9: BC Place, Vancouver | K9: Grupo D!D6 | L9: Grupo D!F6 | M9: =AND(ISNUMBER(F9),ISNUMBER(G9)) -> FALSE
A10: E1 | B10: E | C10: 2026-06-14 | D10: 14:00 | E10: Alemania | F10: =IF('Grupo E'!D5="","",'Grupo E'!D5) | G10: =IF('Grupo E'!F5="","",'Grupo E'!F5) | H10: Curazao | I10: =IF(OR(F10="",G10=""),"",IF(F10>G10,"L",IF(F10<G10,"V","E"))) | J10: NRG Stadium, Houston | K10: Grupo E!D5 | L10: Grupo E!F5 | M10: =AND(ISNUMBER(F10),ISNUMBER(G10)) -> FALSE
A11: F1 | B11: F | C11: 2026-06-14 | D11: 17:00 | E11: Paises Bajos | F11: =IF('Grupo F'!D5="","",'Grupo F'!D5) | G11: =IF('Grupo F'!F5="","",'Grupo F'!F5) | H11: Japon | I11: =IF(OR(F11="",G11=""),"",IF(F11>G11,"L",IF(F11<G11,"V","E"))) | J11: AT&T Stadium, Arlington | K11: Grupo F!D5 | L11: Grupo F!F5 | M11: =AND(ISNUMBER(F11),ISNUMBER(G11)) -> FALSE
A12: E2 | B12: E | C12: 2026-06-14 | D12: 20:00 | E12: Costa de Marfil | F12: =IF('Grupo E'!D6="","",'Grupo E'!D6) | G12: =IF('Grupo E'!F6="","",'Grupo E'!F6) | H12: Ecuador | I12: =IF(OR(F12="",G12=""),"",IF(F12>G12,"L",IF(F12<G12,"V","E"))) | J12: Lincoln Financial Field, Philadelphia | K12: Grupo E!D6 | L12: Grupo E!F6 | M12: =AND(ISNUMBER(F12),ISNUMBER(G12)) -> FALSE
A13: F2 | B13: F | C13: 2026-06-14 | D13: 23:00 | E13: Suecia | F13: =IF('Grupo F'!D6="","",'Grupo F'!D6) | G13: =IF('Grupo F'!F6="","",'Grupo F'!F6) | H13: Tunez | I13: =IF(OR(F13="",G13=""),"",IF(F13>G13,"L",IF(F13<G13,"V","E"))) | J13: Estadio BBVA, Monterrey | K13: Grupo F!D6 | L13: Grupo F!F6 | M13: =AND(ISNUMBER(F13),ISNUMBER(G13)) -> FALSE
A14: H1 | B14: H | C14: 2026-06-15 | D14: 13:00 | E14: España | F14: =IF('Grupo H'!D5="","",'Grupo H'!D5) | G14: =IF('Grupo H'!F5="","",'Grupo H'!F5) | H14: Cabo Verde | I14: =IF(OR(F14="",G14=""),"",IF(F14>G14,"L",IF(F14<G14,"V","E"))) | J14: Mercedes-Benz Stadium, Atlanta | K14: Grupo H!D5 | L14: Grupo H!F5 | M14: =AND(ISNUMBER(F14),ISNUMBER(G14)) -> FALSE
A15: G1 | B15: G | C15: 2026-06-15 | D15: 16:00 | E15: Belgica | F15: =IF('Grupo G'!D5="","",'Grupo G'!D5) | G15: =IF('Grupo G'!F5="","",'Grupo G'!F5) | H15: Egipto | I15: =IF(OR(F15="",G15=""),"",IF(F15>G15,"L",IF(F15<G15,"V","E"))) | J15: Lumen Field, Seattle | K15: Grupo G!D5 | L15: Grupo G!F5 | M15: =AND(ISNUMBER(F15),ISNUMBER(G15)) -> FALSE
A16: H2 | B16: H | C16: 2026-06-15 | D16: 19:00 | E16: Arabia Saudita | F16: =IF('Grupo H'!D6="","",'Grupo H'!D6) | G16: =IF('Grupo H'!F6="","",'Grupo H'!F6) | H16: Uruguay | I16: =IF(OR(F16="",G16=""),"",IF(F16>G16,"L",IF(F16<G16,"V","E"))) | J16: Hard Rock Stadium, Miami | K16: Grupo H!D6 | L16: Grupo H!F6 | M16: =AND(ISNUMBER(F16),ISNUMBER(G16)) -> FALSE
A17: G2 | B17: G | C17: 2026-06-15 | D17: 22:00 | E17: Iran | F17: =IF('Grupo G'!D6="","",'Grupo G'!D6) | G17: =IF('Grupo G'!F6="","",'Grupo G'!F6) | H17: Nueva Zelanda | I17: =IF(OR(F17="",G17=""),"",IF(F17>G17,"L",IF(F17<G17,"V","E"))) | J17: SoFi Stadium, Inglewood | K17: Grupo G!D6 | L17: Grupo G!F6 | M17: =AND(ISNUMBER(F17),ISNUMBER(G17)) -> FALSE
A18: I1 | B18: I | C18: 2026-06-16 | D18: 16:00 | E18: Francia | F18: =IF('Grupo I'!D5="","",'Grupo I'!D5) | G18: =IF('Grupo I'!F5="","",'Grupo I'!F5) | H18: Senegal | I18: =IF(OR(F18="",G18=""),"",IF(F18>G18,"L",IF(F18<G18,"V","E"))) | J18: MetLife Stadium, East Rutherford | K18: Grupo I!D5 | L18: Grupo I!F5 | M18: =AND(ISNUMBER(F18),ISNUMBER(G18)) -> FALSE
A19: I2 | B19: I | C19: 2026-06-16 | D19: 19:00 | E19: Irak | F19: =IF('Grupo I'!D6="","",'Grupo I'!D6) | G19: =IF('Grupo I'!F6="","",'Grupo I'!F6) | H19: Noruega | I19: =IF(OR(F19="",G19=""),"",IF(F19>G19,"L",IF(F19<G19,"V","E"))) | J19: Gillette Stadium, Foxboro | K19: Grupo I!D6 | L19: Grupo I!F6 | M19: =AND(ISNUMBER(F19),ISNUMBER(G19)) -> FALSE
A20: J1 | B20: J | C20: 2026-06-16 | D20: 22:00 | E20: Argentina | F20: =IF('Grupo J'!D5="","",'Grupo J'!D5) | G20: =IF('Grupo J'!F5="","",'Grupo J'!F5) | H20: Argelia | I20: =IF(OR(F20="",G20=""),"",IF(F20>G20,"L",IF(F20<G20,"V","E"))) | J20: Arrowhead Stadium, Kansas City | K20: Grupo J!D5 | L20: Grupo J!F5 | M20: =AND(ISNUMBER(F20),ISNUMBER(G20)) -> FALSE
A21: J2 | B21: J | C21: 2026-06-17 | D21: 01:00 | E21: Austria | F21: =IF('Grupo J'!D6="","",'Grupo J'!D6) | G21: =IF('Grupo J'!F6="","",'Grupo J'!F6) | H21: Jordania | I21: =IF(OR(F21="",G21=""),"",IF(F21>G21,"L",IF(F21<G21,"V","E"))) | J21: Levi's Stadium, Santa Clara | K21: Grupo J!D6 | L21: Grupo J!F6 | M21: =AND(ISNUMBER(F21),ISNUMBER(G21)) -> FALSE
A22: K1 | B22: K | C22: 2026-06-17 | D22: 14:00 | E22: Portugal | F22: =IF('Grupo K'!D5="","",'Grupo K'!D5) | G22: =IF('Grupo K'!F5="","",'Grupo K'!F5) | H22: RD del Congo | I22: =IF(OR(F22="",G22=""),"",IF(F22>G22,"L",IF(F22<G22,"V","E"))) | J22: NRG Stadium, Houston | K22: Grupo K!D5 | L22: Grupo K!F5 | M22: =AND(ISNUMBER(F22),ISNUMBER(G22)) -> FALSE
A23: L1 | B23: L | C23: 2026-06-17 | D23: 17:00 | E23: Inglaterra | F23: =IF('Grupo L'!D5="","",'Grupo L'!D5) | G23: =IF('Grupo L'!F5="","",'Grupo L'!F5) | H23: Croacia | I23: =IF(OR(F23="",G23=""),"",IF(F23>G23,"L",IF(F23<G23,"V","E"))) | J23: AT&T Stadium, Arlington | K23: Grupo L!D5 | L23: Grupo L!F5 | M23: =AND(ISNUMBER(F23),ISNUMBER(G23)) -> FALSE
A24: L2 | B24: L | C24: 2026-06-17 | D24: 20:00 | E24: Ghana | F24: =IF('Grupo L'!D6="","",'Grupo L'!D6) | G24: =IF('Grupo L'!F6="","",'Grupo L'!F6) | H24: Panama | I24: =IF(OR(F24="",G24=""),"",IF(F24>G24,"L",IF(F24<G24,"V","E"))) | J24: BMO Field, Toronto | K24: Grupo L!D6 | L24: Grupo L!F6 | M24: =AND(ISNUMBER(F24),ISNUMBER(G24)) -> FALSE
A25: K2 | B25: K | C25: 2026-06-17 | D25: 23:00 | E25: Uzbekistan | F25: =IF('Grupo K'!D6="","",'Grupo K'!D6) | G25: =IF('Grupo K'!F6="","",'Grupo K'!F6) | H25: Colombia | I25: =IF(OR(F25="",G25=""),"",IF(F25>G25,"L",IF(F25<G25,"V","E"))) | J25: Estadio Azteca, CDMX | K25: Grupo K!D6 | L25: Grupo K!F6 | M25: =AND(ISNUMBER(F25),ISNUMBER(G25)) -> FALSE
A26: A3 | B26: A | C26: 2026-06-18 | D26: 13:00 | E26: Chequia | F26: =IF('Grupo A'!D7="","",'Grupo A'!D7) -> 2 | G26: =IF('Grupo A'!F7="","",'Grupo A'!F7) -> 2 | H26: Sudafrica | I26: =IF(OR(F26="",G26=""),"",IF(F26>G26,"L",IF(F26<G26,"V","E"))) -> E | J26: Mercedes-Benz Stadium, Atlanta | K26: Grupo A!D7 | L26: Grupo A!F7 | M26: =AND(ISNUMBER(F26),ISNUMBER(G26)) -> TRUE
A27: B3 | B27: B | C27: 2026-06-18 | D27: 16:00 | E27: Suiza | F27: =IF('Grupo B'!D7="","",'Grupo B'!D7) | G27: =IF('Grupo B'!F7="","",'Grupo B'!F7) | H27: Bosnia y Herzegovina | I27: =IF(OR(F27="",G27=""),"",IF(F27>G27,"L",IF(F27<G27,"V","E"))) | J27: SoFi Stadium, Inglewood | K27: Grupo B!D7 | L27: Grupo B!F7 | M27: =AND(ISNUMBER(F27),ISNUMBER(G27)) -> FALSE
A28: B4 | B28: B | C28: 2026-06-18 | D28: 19:00 | E28: Canada | F28: =IF('Grupo B'!D8="","",'Grupo B'!D8) | G28: =IF('Grupo B'!F8="","",'Grupo B'!F8) | H28: Qatar | I28: =IF(OR(F28="",G28=""),"",IF(F28>G28,"L",IF(F28<G28,"V","E"))) | J28: BC Place, Vancouver | K28: Grupo B!D8 | L28: Grupo B!F8 | M28: =AND(ISNUMBER(F28),ISNUMBER(G28)) -> FALSE
A29: A4 | B29: A | C29: 2026-06-18 | D29: 22:00 | E29: Mexico | F29: =IF('Grupo A'!D8="","",'Grupo A'!D8) -> 3 | G29: =IF('Grupo A'!F8="","",'Grupo A'!F8) -> 3 | H29: Corea del Sur | I29: =IF(OR(F29="",G29=""),"",IF(F29>G29,"L",IF(F29<G29,"V","E"))) -> E | J29: Estadio Akron, Guadalajara | K29: Grupo A!D8 | L29: Grupo A!F8 | M29: =AND(ISNUMBER(F29),ISNUMBER(G29)) -> TRUE
A30: D3 | B30: D | C30: 2026-06-19 | D30: 16:00 | E30: Estados Unidos | F30: =IF('Grupo D'!D7="","",'Grupo D'!D7) | G30: =IF('Grupo D'!F7="","",'Grupo D'!F7) | H30: Australia | I30: =IF(OR(F30="",G30=""),"",IF(F30>G30,"L",IF(F30<G30,"V","E"))) | J30: Lumen Field, Seattle | K30: Grupo D!D7 | L30: Grupo D!F7 | M30: =AND(ISNUMBER(F30),ISNUMBER(G30)) -> FALSE
A31: C3 | B31: C | C31: 2026-06-19 | D31: 19:00 | E31: Escocia | F31: =IF('Grupo C'!D7="","",'Grupo C'!D7) | G31: =IF('Grupo C'!F7="","",'Grupo C'!F7) | H31: Marruecos | I31: =IF(OR(F31="",G31=""),"",IF(F31>G31,"L",IF(F31<G31,"V","E"))) | J31: Gillette Stadium, Foxboro | K31: Grupo C!D7 | L31: Grupo C!F7 | M31: =AND(ISNUMBER(F31),ISNUMBER(G31)) -> FALSE
A32: C4 | B32: C | C32: 2026-06-19 | D32: 21:30 | E32: Brasil | F32: =IF('Grupo C'!D8="","",'Grupo C'!D8) | G32: =IF('Grupo C'!F8="","",'Grupo C'!F8) | H32: Haiti | I32: =IF(OR(F32="",G32=""),"",IF(F32>G32,"L",IF(F32<G32,"V","E"))) | J32: Lincoln Financial Field, Philadelphia | K32: Grupo C!D8 | L32: Grupo C!F8 | M32: =AND(ISNUMBER(F32),ISNUMBER(G32)) -> FALSE
A33: D4 | B33: D | C33: 2026-06-20 | D33: 00:00 | E33: Turquia | F33: =IF('Grupo D'!D8="","",'Grupo D'!D8) | G33: =IF('Grupo D'!F8="","",'Grupo D'!F8) | H33: Paraguay | I33: =IF(OR(F33="",G33=""),"",IF(F33>G33,"L",IF(F33<G33,"V","E"))) | J33: Levi's Stadium, Santa Clara | K33: Grupo D!D8 | L33: Grupo D!F8 | M33: =AND(ISNUMBER(F33),ISNUMBER(G33)) -> FALSE
A34: F3 | B34: F | C34: 2026-06-20 | D34: 14:00 | E34: Paises Bajos | F34: =IF('Grupo F'!D7="","",'Grupo F'!D7) | G34: =IF('Grupo F'!F7="","",'Grupo F'!F7) | H34: Suecia | I34: =IF(OR(F34="",G34=""),"",IF(F34>G34,"L",IF(F34<G34,"V","E"))) | J34: NRG Stadium, Houston | K34: Grupo F!D7 | L34: Grupo F!F7 | M34: =AND(ISNUMBER(F34),ISNUMBER(G34)) -> FALSE
A35: E3 | B35: E | C35: 2026-06-20 | D35: 17:00 | E35: Alemania | F35: =IF('Grupo E'!D7="","",'Grupo E'!D7) | G35: =IF('Grupo E'!F7="","",'Grupo E'!F7) | H35: Costa de Marfil | I35: =IF(OR(F35="",G35=""),"",IF(F35>G35,"L",IF(F35<G35,"V","E"))) | J35: BMO Field, Toronto | K35: Grupo E!D7 | L35: Grupo E!F7 | M35: =AND(ISNUMBER(F35),ISNUMBER(G35)) -> FALSE
A36: E4 | B36: E | C36: 2026-06-20 | D36: 21:00 | E36: Ecuador | F36: =IF('Grupo E'!D8="","",'Grupo E'!D8) | G36: =IF('Grupo E'!F8="","",'Grupo E'!F8) | H36: Curazao | I36: =IF(OR(F36="",G36=""),"",IF(F36>G36,"L",IF(F36<G36,"V","E"))) | J36: Arrowhead Stadium, Kansas City | K36: Grupo E!D8 | L36: Grupo E!F8 | M36: =AND(ISNUMBER(F36),ISNUMBER(G36)) -> FALSE
A37: F4 | B37: F | C37: 2026-06-21 | D37: 01:00 | E37: Tunez | F37: =IF('Grupo F'!D8="","",'Grupo F'!D8) | G37: =IF('Grupo F'!F8="","",'Grupo F'!F8) | H37: Japon | I37: =IF(OR(F37="",G37=""),"",IF(F37>G37,"L",IF(F37<G37,"V","E"))) | J37: Estadio BBVA, Monterrey | K37: Grupo F!D8 | L37: Grupo F!F8 | M37: =AND(ISNUMBER(F37),ISNUMBER(G37)) -> FALSE
A38: H3 | B38: H | C38: 2026-06-21 | D38: 13:00 | E38: España | F38: =IF('Grupo H'!D7="","",'Grupo H'!D7) | G38: =IF('Grupo H'!F7="","",'Grupo H'!F7) | H38: Arabia Saudita | I38: =IF(OR(F38="",G38=""),"",IF(F38>G38,"L",IF(F38<G38,"V","E"))) | J38: Mercedes-Benz Stadium, Atlanta | K38: Grupo H!D7 | L38: Grupo H!F7 | M38: =AND(ISNUMBER(F38),ISNUMBER(G38)) -> FALSE
A39: G3 | B39: G | C39: 2026-06-21 | D39: 16:00 | E39: Belgica | F39: =IF('Grupo G'!D7="","",'Grupo G'!D7) | G39: =IF('Grupo G'!F7="","",'Grupo G'!F7) | H39: Iran | I39: =IF(OR(F39="",G39=""),"",IF(F39>G39,"L",IF(F39<G39,"V","E"))) | J39: SoFi Stadium, Inglewood | K39: Grupo G!D7 | L39: Grupo G!F7 | M39: =AND(ISNUMBER(F39),ISNUMBER(G39)) -> FALSE
A40: H4 | B40: H | C40: 2026-06-21 | D40: 19:00 | E40: Uruguay | F40: =IF('Grupo H'!D8="","",'Grupo H'!D8) | G40: =IF('Grupo H'!F8="","",'Grupo H'!F8) | H40: Cabo Verde | I40: =IF(OR(F40="",G40=""),"",IF(F40>G40,"L",IF(F40<G40,"V","E"))) | J40: Hard Rock Stadium, Miami | K40: Grupo H!D8 | L40: Grupo H!F8 | M40: =AND(ISNUMBER(F40),ISNUMBER(G40)) -> FALSE
A41: G4 | B41: G | C41: 2026-06-21 | D41: 22:00 | E41: Nueva Zelanda | F41: =IF('Grupo G'!D8="","",'Grupo G'!D8) | G41: =IF('Grupo G'!F8="","",'Grupo G'!F8) | H41: Egipto | I41: =IF(OR(F41="",G41=""),"",IF(F41>G41,"L",IF(F41<G41,"V","E"))) | J41: BC Place, Vancouver | K41: Grupo G!D8 | L41: Grupo G!F8 | M41: =AND(ISNUMBER(F41),ISNUMBER(G41)) -> FALSE
A42: J3 | B42: J | C42: 2026-06-22 | D42: 14:00 | E42: Argentina | F42: =IF('Grupo J'!D7="","",'Grupo J'!D7) | G42: =IF('Grupo J'!F7="","",'Grupo J'!F7) | H42: Austria | I42: =IF(OR(F42="",G42=""),"",IF(F42>G42,"L",IF(F42<G42,"V","E"))) | J42: AT&T Stadium, Arlington | K42: Grupo J!D7 | L42: Grupo J!F7 | M42: =AND(ISNUMBER(F42),ISNUMBER(G42)) -> FALSE
A43: I3 | B43: I | C43: 2026-06-22 | D43: 18:00 | E43: Francia | F43: =IF('Grupo I'!D7="","",'Grupo I'!D7) | G43: =IF('Grupo I'!F7="","",'Grupo I'!F7) | H43: Irak | I43: =IF(OR(F43="",G43=""),"",IF(F43>G43,"L",IF(F43<G43,"V","E"))) | J43: Lincoln Financial Field, Philadelphia | K43: Grupo I!D7 | L43: Grupo I!F7 | M43: =AND(ISNUMBER(F43),ISNUMBER(G43)) -> FALSE
A44: I4 | B44: I | C44: 2026-06-22 | D44: 21:00 | E44: Noruega | F44: =IF('Grupo I'!D8="","",'Grupo I'!D8) | G44: =IF('Grupo I'!F8="","",'Grupo I'!F8) | H44: Senegal | I44: =IF(OR(F44="",G44=""),"",IF(F44>G44,"L",IF(F44<G44,"V","E"))) | J44: MetLife Stadium, East Rutherford | K44: Grupo I!D8 | L44: Grupo I!F8 | M44: =AND(ISNUMBER(F44),ISNUMBER(G44)) -> FALSE
A45: J4 | B45: J | C45: 2026-06-23 | D45: 00:00 | E45: Jordania | F45: =IF('Grupo J'!D8="","",'Grupo J'!D8) | G45: =IF('Grupo J'!F8="","",'Grupo J'!F8) | H45: Argelia | I45: =IF(OR(F45="",G45=""),"",IF(F45>G45,"L",IF(F45<G45,"V","E"))) | J45: Levi's Stadium, Santa Clara | K45: Grupo J!D8 | L45: Grupo J!F8 | M45: =AND(ISNUMBER(F45),ISNUMBER(G45)) -> FALSE
A46: K3 | B46: K | C46: 2026-06-23 | D46: 14:00 | E46: Portugal | F46: =IF('Grupo K'!D7="","",'Grupo K'!D7) | G46: =IF('Grupo K'!F7="","",'Grupo K'!F7) | H46: Uzbekistan | I46: =IF(OR(F46="",G46=""),"",IF(F46>G46,"L",IF(F46<G46,"V","E"))) | J46: NRG Stadium, Houston | K46: Grupo K!D7 | L46: Grupo K!F7 | M46: =AND(ISNUMBER(F46),ISNUMBER(G46)) -> FALSE
A47: L3 | B47: L | C47: 2026-06-23 | D47: 17:00 | E47: Inglaterra | F47: =IF('Grupo L'!D7="","",'Grupo L'!D7) | G47: =IF('Grupo L'!F7="","",'Grupo L'!F7) | H47: Ghana | I47: =IF(OR(F47="",G47=""),"",IF(F47>G47,"L",IF(F47<G47,"V","E"))) | J47: Gillette Stadium, Foxboro | K47: Grupo L!D7 | L47: Grupo L!F7 | M47: =AND(ISNUMBER(F47),ISNUMBER(G47)) -> FALSE
A48: L4 | B48: L | C48: 2026-06-23 | D48: 20:00 | E48: Panama | F48: =IF('Grupo L'!D8="","",'Grupo L'!D8) | G48: =IF('Grupo L'!F8="","",'Grupo L'!F8) | H48: Croacia | I48: =IF(OR(F48="",G48=""),"",IF(F48>G48,"L",IF(F48<G48,"V","E"))) | J48: BMO Field, Toronto | K48: Grupo L!D8 | L48: Grupo L!F8 | M48: =AND(ISNUMBER(F48),ISNUMBER(G48)) -> FALSE
A49: K4 | B49: K | C49: 2026-06-23 | D49: 23:00 | E49: Colombia | F49: =IF('Grupo K'!D8="","",'Grupo K'!D8) | G49: =IF('Grupo K'!F8="","",'Grupo K'!F8) | H49: RD del Congo | I49: =IF(OR(F49="",G49=""),"",IF(F49>G49,"L",IF(F49<G49,"V","E"))) | J49: Estadio Akron, Guadalajara | K49: Grupo K!D8 | L49: Grupo K!F8 | M49: =AND(ISNUMBER(F49),ISNUMBER(G49)) -> FALSE
A50: B5 | B50: B | C50: 2026-06-24 | D50: 16:00 | E50: Suiza | F50: =IF('Grupo B'!D9="","",'Grupo B'!D9) | G50: =IF('Grupo B'!F9="","",'Grupo B'!F9) | H50: Canada | I50: =IF(OR(F50="",G50=""),"",IF(F50>G50,"L",IF(F50<G50,"V","E"))) | J50: BC Place, Vancouver | K50: Grupo B!D9 | L50: Grupo B!F9 | M50: =AND(ISNUMBER(F50),ISNUMBER(G50)) -> FALSE
A51: B6 | B51: B | C51: 2026-06-24 | D51: 16:00 | E51: Bosnia y Herzegovina | F51: =IF('Grupo B'!D10="","",'Grupo B'!D10) | G51: =IF('Grupo B'!F10="","",'Grupo B'!F10) | H51: Qatar | I51: =IF(OR(F51="",G51=""),"",IF(F51>G51,"L",IF(F51<G51,"V","E"))) | J51: Lumen Field, Seattle | K51: Grupo B!D10 | L51: Grupo B!F10 | M51: =AND(ISNUMBER(F51),ISNUMBER(G51)) -> FALSE
A52: C5 | B52: C | C52: 2026-06-24 | D52: 19:00 | E52: Escocia | F52: =IF('Grupo C'!D9="","",'Grupo C'!D9) | G52: =IF('Grupo C'!F9="","",'Grupo C'!F9) | H52: Brasil | I52: =IF(OR(F52="",G52=""),"",IF(F52>G52,"L",IF(F52<G52,"V","E"))) | J52: Hard Rock Stadium, Miami | K52: Grupo C!D9 | L52: Grupo C!F9 | M52: =AND(ISNUMBER(F52),ISNUMBER(G52)) -> FALSE
A53: C6 | B53: C | C53: 2026-06-24 | D53: 19:00 | E53: Marruecos | F53: =IF('Grupo C'!D10="","",'Grupo C'!D10) | G53: =IF('Grupo C'!F10="","",'Grupo C'!F10) | H53: Haiti | I53: =IF(OR(F53="",G53=""),"",IF(F53>G53,"L",IF(F53<G53,"V","E"))) | J53: Mercedes-Benz Stadium, Atlanta | K53: Grupo C!D10 | L53: Grupo C!F10 | M53: =AND(ISNUMBER(F53),ISNUMBER(G53)) -> FALSE
A54: A5 | B54: A | C54: 2026-06-24 | D54: 22:00 | E54: Chequia | F54: =IF('Grupo A'!D9="","",'Grupo A'!D9) -> 1 | G54: =IF('Grupo A'!F9="","",'Grupo A'!F9) -> 1 | H54: Mexico | I54: =IF(OR(F54="",G54=""),"",IF(F54>G54,"L",IF(F54<G54,"V","E"))) -> E | J54: Estadio Azteca, CDMX | K54: Grupo A!D9 | L54: Grupo A!F9 | M54: =AND(ISNUMBER(F54),ISNUMBER(G54)) -> TRUE
A55: A6 | B55: A | C55: 2026-06-24 | D55: 22:00 | E55: Sudafrica | F55: =IF('Grupo A'!D10="","",'Grupo A'!D10) -> 1 | G55: =IF('Grupo A'!F10="","",'Grupo A'!F10) -> 2 | H55: Corea del Sur | I55: =IF(OR(F55="",G55=""),"",IF(F55>G55,"L",IF(F55<G55,"V","E"))) -> V | J55: Estadio BBVA, Monterrey | K55: Grupo A!D10 | L55: Grupo A!F10 | M55: =AND(ISNUMBER(F55),ISNUMBER(G55)) -> TRUE
A56: E5 | B56: E | C56: 2026-06-25 | D56: 17:00 | E56: Curazao | F56: =IF('Grupo E'!D9="","",'Grupo E'!D9) | G56: =IF('Grupo E'!F9="","",'Grupo E'!F9) | H56: Costa de Marfil | I56: =IF(OR(F56="",G56=""),"",IF(F56>G56,"L",IF(F56<G56,"V","E"))) | J56: Lincoln Financial Field, Philadelphia | K56: Grupo E!D9 | L56: Grupo E!F9 | M56: =AND(ISNUMBER(F56),ISNUMBER(G56)) -> FALSE
A57: E6 | B57: E | C57: 2026-06-25 | D57: 17:00 | E57: Ecuador | F57: =IF('Grupo E'!D10="","",'Grupo E'!D10) | G57: =IF('Grupo E'!F10="","",'Grupo E'!F10) | H57: Alemania | I57: =IF(OR(F57="",G57=""),"",IF(F57>G57,"L",IF(F57<G57,"V","E"))) | J57: MetLife Stadium, East Rutherford | K57: Grupo E!D10 | L57: Grupo E!F10 | M57: =AND(ISNUMBER(F57),ISNUMBER(G57)) -> FALSE
A58: F5 | B58: F | C58: 2026-06-25 | D58: 20:00 | E58: Japon | F58: =IF('Grupo F'!D9="","",'Grupo F'!D9) | G58: =IF('Grupo F'!F9="","",'Grupo F'!F9) | H58: Suecia | I58: =IF(OR(F58="",G58=""),"",IF(F58>G58,"L",IF(F58<G58,"V","E"))) | J58: AT&T Stadium, Arlington | K58: Grupo F!D9 | L58: Grupo F!F9 | M58: =AND(ISNUMBER(F58),ISNUMBER(G58)) -> FALSE
A59: F6 | B59: F | C59: 2026-06-25 | D59: 20:00 | E59: Tunez | F59: =IF('Grupo F'!D10="","",'Grupo F'!D10) | G59: =IF('Grupo F'!F10="","",'Grupo F'!F10) | H59: Paises Bajos | I59: =IF(OR(F59="",G59=""),"",IF(F59>G59,"L",IF(F59<G59,"V","E"))) | J59: Arrowhead Stadium, Kansas City | K59: Grupo F!D10 | L59: Grupo F!F10 | M59: =AND(ISNUMBER(F59),ISNUMBER(G59)) -> FALSE
A60: D5 | B60: D | C60: 2026-06-25 | D60: 23:00 | E60: Turquia | F60: =IF('Grupo D'!D9="","",'Grupo D'!D9) | G60: =IF('Grupo D'!F9="","",'Grupo D'!F9) | H60: Estados Unidos | I60: =IF(OR(F60="",G60=""),"",IF(F60>G60,"L",IF(F60<G60,"V","E"))) | J60: SoFi Stadium, Inglewood | K60: Grupo D!D9 | L60: Grupo D!F9 | M60: =AND(ISNUMBER(F60),ISNUMBER(G60)) -> FALSE
A61: D6 | B61: D | C61: 2026-06-25 | D61: 23:00 | E61: Paraguay | F61: =IF('Grupo D'!D10="","",'Grupo D'!D10) | G61: =IF('Grupo D'!F10="","",'Grupo D'!F10) | H61: Australia | I61: =IF(OR(F61="",G61=""),"",IF(F61>G61,"L",IF(F61<G61,"V","E"))) | J61: Levi's Stadium, Santa Clara | K61: Grupo D!D10 | L61: Grupo D!F10 | M61: =AND(ISNUMBER(F61),ISNUMBER(G61)) -> FALSE
A62: I5 | B62: I | C62: 2026-06-26 | D62: 16:00 | E62: Noruega | F62: =IF('Grupo I'!D9="","",'Grupo I'!D9) | G62: =IF('Grupo I'!F9="","",'Grupo I'!F9) | H62: Francia | I62: =IF(OR(F62="",G62=""),"",IF(F62>G62,"L",IF(F62<G62,"V","E"))) | J62: Gillette Stadium, Foxboro | K62: Grupo I!D9 | L62: Grupo I!F9 | M62: =AND(ISNUMBER(F62),ISNUMBER(G62)) -> FALSE
A63: I6 | B63: I | C63: 2026-06-26 | D63: 16:00 | E63: Senegal | F63: =IF('Grupo I'!D10="","",'Grupo I'!D10) | G63: =IF('Grupo I'!F10="","",'Grupo I'!F10) | H63: Irak | I63: =IF(OR(F63="",G63=""),"",IF(F63>G63,"L",IF(F63<G63,"V","E"))) | J63: BMO Field, Toronto | K63: Grupo I!D10 | L63: Grupo I!F10 | M63: =AND(ISNUMBER(F63),ISNUMBER(G63)) -> FALSE
A64: H5 | B64: H | C64: 2026-06-26 | D64: 21:00 | E64: Cabo Verde | F64: =IF('Grupo H'!D9="","",'Grupo H'!D9) | G64: =IF('Grupo H'!F9="","",'Grupo H'!F9) | H64: Arabia Saudita | I64: =IF(OR(F64="",G64=""),"",IF(F64>G64,"L",IF(F64<G64,"V","E"))) | J64: NRG Stadium, Houston | K64: Grupo H!D9 | L64: Grupo H!F9 | M64: =AND(ISNUMBER(F64),ISNUMBER(G64)) -> FALSE
A65: H6 | B65: H | C65: 2026-06-26 | D65: 21:00 | E65: Uruguay | F65: =IF('Grupo H'!D10="","",'Grupo H'!D10) | G65: =IF('Grupo H'!F10="","",'Grupo H'!F10) | H65: España | I65: =IF(OR(F65="",G65=""),"",IF(F65>G65,"L",IF(F65<G65,"V","E"))) | J65: Estadio Akron, Guadalajara | K65: Grupo H!D10 | L65: Grupo H!F10 | M65: =AND(ISNUMBER(F65),ISNUMBER(G65)) -> FALSE
A66: G5 | B66: G | C66: 2026-06-27 | D66: 00:00 | E66: Egipto | F66: =IF('Grupo G'!D9="","",'Grupo G'!D9) | G66: =IF('Grupo G'!F9="","",'Grupo G'!F9) | H66: Iran | I66: =IF(OR(F66="",G66=""),"",IF(F66>G66,"L",IF(F66<G66,"V","E"))) | J66: Lumen Field, Seattle | K66: Grupo G!D9 | L66: Grupo G!F9 | M66: =AND(ISNUMBER(F66),ISNUMBER(G66)) -> FALSE
A67: G6 | B67: G | C67: 2026-06-27 | D67: 00:00 | E67: Nueva Zelanda | F67: =IF('Grupo G'!D10="","",'Grupo G'!D10) | G67: =IF('Grupo G'!F10="","",'Grupo G'!F10) | H67: Belgica | I67: =IF(OR(F67="",G67=""),"",IF(F67>G67,"L",IF(F67<G67,"V","E"))) | J67: BC Place, Vancouver | K67: Grupo G!D10 | L67: Grupo G!F10 | M67: =AND(ISNUMBER(F67),ISNUMBER(G67)) -> FALSE
A68: L5 | B68: L | C68: 2026-06-27 | D68: 18:00 | E68: Panama | F68: =IF('Grupo L'!D9="","",'Grupo L'!D9) | G68: =IF('Grupo L'!F9="","",'Grupo L'!F9) | H68: Inglaterra | I68: =IF(OR(F68="",G68=""),"",IF(F68>G68,"L",IF(F68<G68,"V","E"))) | J68: MetLife Stadium, East Rutherford | K68: Grupo L!D9 | L68: Grupo L!F9 | M68: =AND(ISNUMBER(F68),ISNUMBER(G68)) -> FALSE
A69: L6 | B69: L | C69: 2026-06-27 | D69: 18:00 | E69: Croacia | F69: =IF('Grupo L'!D10="","",'Grupo L'!D10) | G69: =IF('Grupo L'!F10="","",'Grupo L'!F10) | H69: Ghana | I69: =IF(OR(F69="",G69=""),"",IF(F69>G69,"L",IF(F69<G69,"V","E"))) | J69: Lincoln Financial Field, Philadelphia | K69: Grupo L!D10 | L69: Grupo L!F10 | M69: =AND(ISNUMBER(F69),ISNUMBER(G69)) -> FALSE
A70: K5 | B70: K | C70: 2026-06-27 | D70: 20:30 | E70: Colombia | F70: =IF('Grupo K'!D9="","",'Grupo K'!D9) | G70: =IF('Grupo K'!F9="","",'Grupo K'!F9) | H70: Portugal | I70: =IF(OR(F70="",G70=""),"",IF(F70>G70,"L",IF(F70<G70,"V","E"))) | J70: Hard Rock Stadium, Miami | K70: Grupo K!D9 | L70: Grupo K!F9 | M70: =AND(ISNUMBER(F70),ISNUMBER(G70)) -> FALSE
A71: K6 | B71: K | C71: 2026-06-27 | D71: 20:30 | E71: RD del Congo | F71: =IF('Grupo K'!D10="","",'Grupo K'!D10) | G71: =IF('Grupo K'!F10="","",'Grupo K'!F10) | H71: Uzbekistan | I71: =IF(OR(F71="",G71=""),"",IF(F71>G71,"L",IF(F71<G71,"V","E"))) | J71: Mercedes-Benz Stadium, Atlanta | K71: Grupo K!D10 | L71: Grupo K!F10 | M71: =AND(ISNUMBER(F71),ISNUMBER(G71)) -> FALSE
A72: J5 | B72: J | C72: 2026-06-27 | D72: 23:00 | E72: Jordania | F72: =IF('Grupo J'!D9="","",'Grupo J'!D9) | G72: =IF('Grupo J'!F9="","",'Grupo J'!F9) | H72: Argentina | I72: =IF(OR(F72="",G72=""),"",IF(F72>G72,"L",IF(F72<G72,"V","E"))) | J72: AT&T Stadium, Arlington | K72: Grupo J!D9 | L72: Grupo J!F9 | M72: =AND(ISNUMBER(F72),ISNUMBER(G72)) -> FALSE
A73: J6 | B73: J | C73: 2026-06-27 | D73: 23:00 | E73: Argelia | F73: =IF('Grupo J'!D10="","",'Grupo J'!D10) | G73: =IF('Grupo J'!F10="","",'Grupo J'!F10) | H73: Austria | I73: =IF(OR(F73="",G73=""),"",IF(F73>G73,"L",IF(F73<G73,"V","E"))) | J73: Arrowhead Stadium, Kansas City | K73: Grupo J!D10 | L73: Grupo J!F10 | M73: =AND(ISNUMBER(F73),ISNUMBER(G73)) -> FALSE

Sheet Grupo A
A1: Grupo A
A3: Partidos | B3: (las celdas amarillas son editables)
A4: Fecha | B4: Hora (ARG) | C4: Local | D4: Goles | F4: Goles | G4: Visitante | H4: Resultado | I4: Sede
A5: 2026-06-11 | B5: 16:00 | C5: Mexico | D5: 1 | E5: - | F5: 2 | G5: Sudafrica | H5: =IF(OR(D5="",F5=""),"",IF(D5>F5,"L",IF(D5<F5,"V","E"))) -> V | I5: Estadio Azteca, CDMX
A6: 2026-06-11 | B6: 23:00 | C6: Corea del Sur | D6: 3 | E6: - | F6: 4 | G6: Chequia | H6: =IF(OR(D6="",F6=""),"",IF(D6>F6,"L",IF(D6<F6,"V","E"))) -> V | I6: Estadio Akron, Guadalajara
A7: 2026-06-18 | B7: 13:00 | C7: Chequia | D7: 2 | E7: - | F7: 2 | G7: Sudafrica | H7: =IF(OR(D7="",F7=""),"",IF(D7>F7,"L",IF(D7<F7,"V","E"))) -> E | I7: Mercedes-Benz Stadium, Atlanta
A8: 2026-06-18 | B8: 22:00 | C8: Mexico | D8: 3 | E8: - | F8: 3 | G8: Corea del Sur | H8: =IF(OR(D8="",F8=""),"",IF(D8>F8,"L",IF(D8<F8,"V","E"))) -> E | I8: Estadio Akron, Guadalajara
A9: 2026-06-24 | B9: 22:00 | C9: Chequia | D9: 1 | E9: - | F9: 1 | G9: Mexico | H9: =IF(OR(D9="",F9=""),"",IF(D9>F9,"L",IF(D9<F9,"V","E"))) -> E | I9: Estadio Azteca, CDMX
A10: 2026-06-24 | B10: 22:00 | C10: Sudafrica | D10: 1 | E10: - | F10: 2 | G10: Corea del Sur | H10: =IF(OR(D10="",F10=""),"",IF(D10>F10,"L",IF(D10<F10,"V","E"))) -> V | I10: Estadio BBVA, Monterrey
A11: Tabla (no ordenada)
A12: Equipo | B12: PJ | C12: PG | D12: PE | E12: PP | F12: GF | G12: GC | H12: DG | I12: Pts | K12: Score
A13: Mexico | B13: =SUMPRODUCT((($C$5:$C$10="Mexico")+($G$5:$G$10="Mexico"))*($D$5:$D$10<>"")*($F$5:$F$10<>"")) -> 3 | C13: =SUMPRODUCT(($D$5:$D$10<>"")*($F$5:$F$10<>"")*((($C$5:$C$10="Mexico")*(($D$5:$D$10)>($F$5:$F$10)))+(($G$5:$G$10="Mexico")*(($F$5:$F$10)>($D$5:$D$10))))) -> 0 | D13: =SUMPRODUCT(($D$5:$D$10<>"")*($F$5:$F$10<>"")*(($C$5:$C$10="Mexico")+($G$5:$G$10="Mexico"))*(($D$5:$D$10)=($F$5:$F$10))) -> 2 | E13: =SUMPRODUCT(($D$5:$D$10<>"")*($F$5:$F$10<>"")*((($C$5:$C$10="Mexico")*(($D$5:$D$10)<($F$5:$F$10)))+(($G$5:$G$10="Mexico")*(($F$5:$F$10)<($D$5:$D$10))))) -> 1 | F13: =SUMPRODUCT(($D$5:$D$10<>"")*($F$5:$F$10<>"")*((($C$5:$C$10="Mexico")*($D$5:$D$10))+(($G$5:$G$10="Mexico")*($F$5:$F$10)))) -> 5 | G13: =SUMPRODUCT(($D$5:$D$10<>"")*($F$5:$F$10<>"")*((($C$5:$C$10="Mexico")*($F$5:$F$10))+(($G$5:$G$10="Mexico")*($D$5:$D$10)))) -> 6 | H13: =F13-G13 -> -1 | I13: =C13*3+D13 -> 2 | K13: =I13*1000000000+H13*1000000+F13*1000+(4) -> 1999005004
A14: Sudafrica | B14: =SUMPRODUCT((($C$5:$C$10="Sudafrica")+($G$5:$G$10="Sudafrica"))*($D$5:$D$10<>"")*($F$5:$F$10<>"")) -> 3 | C14: =SUMPRODUCT(($D$5:$D$10<>"")*($F$5:$F$10<>"")*((($C$5:$C$10="Sudafrica")*(($D$5:$D$10)>($F$5:$F$10)))+(($G$5:$G$10="Sudafrica")*(($F$5:$F$10)>($D$5:$D$10))))) -> 1 | D14: =SUMPRODUCT(($D$5:$D$10<>"")*($F$5:$F$10<>"")*(($C$5:$C$10="Sudafrica")+($G$5:$G$10="Sudafrica"))*(($D$5:$D$10)=($F$5:$F$10))) -> 1 | E14: =SUMPRODUCT(($D$5:$D$10<>"")*($F$5:$F$10<>"")*((($C$5:$C$10="Sudafrica")*(($D$5:$D$10)<($F$5:$F$10)))+(($G$5:$G$10="Sudafrica")*(($F$5:$F$10)<($D$5:$D$10))))) -> 1 | F14: =SUMPRODUCT(($D$5:$D$10<>"")*($F$5:$F$10<>"")*((($C$5:$C$10="Sudafrica")*($D$5:$D$10))+(($G$5:$G$10="Sudafrica")*($F$5:$F$10)))) -> 5 | G14: =SUMPRODUCT(($D$5:$D$10<>"")*($F$5:$F$10<>"")*((($C$5:$C$10="Sudafrica")*($F$5:$F$10))+(($G$5:$G$10="Sudafrica")*($D$5:$D$10)))) -> 5 | H14: =F14-G14 -> 0 | I14: =C14*3+D14 -> 4 | K14: =I14*1000000000+H14*1000000+F14*1000+(3) -> 4000005003
A15: Corea del Sur | B15: =SUMPRODUCT((($C$5:$C$10="Corea del Sur")+($G$5:$G$10="Corea del Sur"))*($D$5:$D$10<>"")*($F$5:$F$10<>"")) -> 3 | C15: =SUMPRODUCT(($D$5:$D$10<>"")*($F$5:$F$10<>"")*((($C$5:$C$10="Corea del Sur")*(($D$5:$D$10)>($F$5:$F$10)))+(($G$5:$G$10="Corea del Sur")*(($F$5:$F$10)>($D$5:$D$10))))) -> 1 | D15: =SUMPRODUCT(($D$5:$D$10<>"")*($F$5:$F$10<>"")*(($C$5:$C$10="Corea del Sur")+($G$5:$G$10="Corea del Sur"))*(($D$5:$D$10)=($F$5:$F$10))) -> 1 | E15: =SUMPRODUCT(($D$5:$D$10<>"")*($F$5:$F$10<>"")*((($C$5:$C$10="Corea del Sur")*(($D$5:$D$10)<($F$5:$F$10)))+(($G$5:$G$10="Corea del Sur")*(($F$5:$F$10)<($D$5:$D$10))))) -> 1 | F15: =SUMPRODUCT(($D$5:$D$10<>"")*($F$5:$F$10<>"")*((($C$5:$C$10="Corea del Sur")*($D$5:$D$10))+(($G$5:$G$10="Corea del Sur")*($F$5:$F$10)))) -> 8 | G15: =SUMPRODUCT(($D$5:$D$10<>"")*($F$5:$F$10<>"")*((($C$5:$C$10="Corea del Sur")*($F$5:$F$10))+(($G$5:$G$10="Corea del Sur")*($D$5:$D$10)))) -> 8 | H15: =F15-G15 -> 0 | I15: =C15*3+D15 -> 4 | K15: =I15*1000000000+H15*1000000+F15*1000+(2) -> 4000008002
A16: Chequia | B16: =SUMPRODUCT((($C$5:$C$10="Chequia")+($G$5:$G$10="Chequia"))*($D$5:$D$10<>"")*($F$5:$F$10<>"")) -> 3 | C16: =SUMPRODUCT(($D$5:$D$10<>"")*($F$5:$F$10<>"")*((($C$5:$C$10="Chequia")*(($D$5:$D$10)>($F$5:$F$10)))+(($G$5:$G$10="Chequia")*(($F$5:$F$10)>($D$5:$D$10))))) -> 1 | D16: =SUMPRODUCT(($D$5:$D$10<>"")*($F$5:$F$10<>"")*(($C$5:$C$10="Chequia")+($G$5:$G$10="Chequia"))*(($D$5:$D$10)=($F$5:$F$10))) -> 2 | E16: =SUMPRODUCT(($D$5:$D$10<>"")*($F$5:$F$10<>"")*((($C$5:$C$10="Chequia")*(($D$5:$D$10)<($F$5:$F$10)))+(($G$5:$G$10="Chequia")*(($F$5:$F$10)<($D$5:$D$10))))) -> 0 | F16: =SUMPRODUCT(($D$5:$D$10<>"")*($F$5:$F$10<>"")*((($C$5:$C$10="Chequia")*($D$5:$D$10))+(($G$5:$G$10="Chequia")*($F$5:$F$10)))) -> 7 | G16: =SUMPRODUCT(($D$5:$D$10<>"")*($F$5:$F$10<>"")*((($C$5:$C$10="Chequia")*($F$5:$F$10))+(($G$5:$G$10="Chequia")*($D$5:$D$10)))) -> 6 | H16: =F16-G16 -> 1 | I16: =C16*3+D16 -> 5 | K16: =I16*1000000000+H16*1000000+F16*1000+(1) -> 5001007001
A17: Tabla de posiciones (en vivo)
A18: # | B18: Equipo | C18: PJ | D18: PG | E18: PE | F18: PP | G18: GF | H18: GC | I18: DG | J18: Pts | K18: Estado
A19: 1 | B19: =INDEX($A$13:$A$16,MATCH(LARGE($K$13:$K$16,1),$K$13:$K$16,0)) -> Chequia | C19: =INDEX($B$13:$I$16,MATCH(LARGE($K$13:$K$16,1),$K$13:$K$16,0),1) -> 3 | D19: =INDEX($B$13:$I$16,MATCH(LARGE($K$13:$K$16,1),$K$13:$K$16,0),2) -> 1 | E19: =INDEX($B$13:$I$16,MATCH(LARGE($K$13:$K$16,1),$K$13:$K$16,0),3) -> 2 | F19: =INDEX($B$13:$I$16,MATCH(LARGE($K$13:$K$16,1),$K$13:$K$16,0),4) -> 0 | G19: =INDEX($B$13:$I$16,MATCH(LARGE($K$13:$K$16,1),$K$13:$K$16,0),5) -> 7 | H19: =INDEX($B$13:$I$16,MATCH(LARGE($K$13:$K$16,1),$K$13:$K$16,0),6) -> 6 | I19: =INDEX($B$13:$I$16,MATCH(LARGE($K$13:$K$16,1),$K$13:$K$16,0),7) -> 1 | J19: =INDEX($B$13:$I$16,MATCH(LARGE($K$13:$K$16,1),$K$13:$K$16,0),8) -> 5 | K19: ="Clasificado 1ro" -> Clasificado 1ro
A20: 2 | B20: =INDEX($A$13:$A$16,MATCH(LARGE($K$13:$K$16,2),$K$13:$K$16,0)) -> Corea del Sur | C20: =INDEX($B$13:$I$16,MATCH(LARGE($K$13:$K$16,2),$K$13:$K$16,0),1) -> 3 | D20: =INDEX($B$13:$I$16,MATCH(LARGE($K$13:$K$16,2),$K$13:$K$16,0),2) -> 1 | E20: =INDEX($B$13:$I$16,MATCH(LARGE($K$13:$K$16,2),$K$13:$K$16,0),3) -> 1 | F20: =INDEX($B$13:$I$16,MATCH(LARGE($K$13:$K$16,2),$K$13:$K$16,0),4) -> 1 | G20: =INDEX($B$13:$I$16,MATCH(LARGE($K$13:$K$16,2),$K$13:$K$16,0),5) -> 8 | H20: =INDEX($B$13:$I$16,MATCH(LARGE($K$13:$K$16,2),$K$13:$K$16,0),6) -> 8 | I20: =INDEX($B$13:$I$16,MATCH(LARGE($K$13:$K$16,2),$K$13:$K$16,0),7) -> 0 | J20: =INDEX($B$13:$I$16,MATCH(LARGE($K$13:$K$16,2),$K$13:$K$16,0),8) -> 4 | K20: ="Clasificado 2do" -> Clasificado 2do
A21: 3 | B21: =INDEX($A$13:$A$16,MATCH(LARGE($K$13:$K$16,3),$K$13:$K$16,0)) -> Sudafrica | C21: =INDEX($B$13:$I$16,MATCH(LARGE($K$13:$K$16,3),$K$13:$K$16,0),1) -> 3 | D21: =INDEX($B$13:$I$16,MATCH(LARGE($K$13:$K$16,3),$K$13:$K$16,0),2) -> 1 | E21: =INDEX($B$13:$I$16,MATCH(LARGE($K$13:$K$16,3),$K$13:$K$16,0),3) -> 1 | F21: =INDEX($B$13:$I$16,MATCH(LARGE($K$13:$K$16,3),$K$13:$K$16,0),4) -> 1 | G21: =INDEX($B$13:$I$16,MATCH(LARGE($K$13:$K$16,3),$K$13:$K$16,0),5) -> 5 | H21: =INDEX($B$13:$I$16,MATCH(LARGE($K$13:$K$16,3),$K$13:$K$16,0),6) -> 5 | I21: =INDEX($B$13:$I$16,MATCH(LARGE($K$13:$K$16,3),$K$13:$K$16,0),7) -> 0 | J21: =INDEX($B$13:$I$16,MATCH(LARGE($K$13:$K$16,3),$K$13:$K$16,0),8) -> 4 | K21: ="3ro (puede avanzar)" -> 3ro (puede avanzar)
A22: 4 | B22: =INDEX($A$13:$A$16,MATCH(LARGE($K$13:$K$16,4),$K$13:$K$16,0)) -> Mexico | C22: =INDEX($B$13:$I$16,MATCH(LARGE($K$13:$K$16,4),$K$13:$K$16,0),1) -> 3 | D22: =INDEX($B$13:$I$16,MATCH(LARGE($K$13:$K$16,4),$K$13:$K$16,0),2) -> 0 | E22: =INDEX($B$13:$I$16,MATCH(LARGE($K$13:$K$16,4),$K$13:$K$16,0),3) -> 2 | F22: =INDEX($B$13:$I$16,MATCH(LARGE($K$13:$K$16,4),$K$13:$K$16,0),4) -> 1 | G22: =INDEX($B$13:$I$16,MATCH(LARGE($K$13:$K$16,4),$K$13:$K$16,0),5) -> 5 | H22: =INDEX($B$13:$I$16,MATCH(LARGE($K$13:$K$16,4),$K$13:$K$16,0),6) -> 6 | I22: =INDEX($B$13:$I$16,MATCH(LARGE($K$13:$K$16,4),$K$13:$K$16,0),7) -> -1 | J22: =INDEX($B$13:$I$16,MATCH(LARGE($K$13:$K$16,4),$K$13:$K$16,0),8) -> 2 | K22: ="Eliminado" -> Eliminado

Sheet Grupo B
A1: Grupo B
A3: Partidos | B3: (las celdas amarillas son editables)
A4: Fecha | B4: Hora (ARG) | C4: Local | D4: Goles | F4: Goles | G4: Visitante | H4: Resultado | I4: Sede
A5: 2026-06-12 | B5: 16:00 | C5: Canada | D5: 1 | E5: - | F5: 2 | G5: Bosnia y Herzegovina | H5: =IF(OR(D5="",F5=""),"",IF(D5>F5,"L",IF(D5<F5,"V","E"))) -> V | I5: BMO Field, Toronto
A6: 2026-06-13 | B6: 16:00 | C6: Qatar | D6: 1 | E6: - | F6: 3 | G6: Suiza | H6: =IF(OR(D6="",F6=""),"",IF(D6>F6,"L",IF(D6<F6,"V","E"))) -> V | I6: Levi's Stadium, Santa Clara
A7: 2026-06-18 | B7: 16:00 | C7: Suiza | E7: - | G7: Bosnia y Herzegovina | H7: =IF(OR(D7="",F7=""),"",IF(D7>F7,"L",IF(D7<F7,"V","E"))) | I7: SoFi Stadium, Inglewood
A8: 2026-06-18 | B8: 19:00 | C8: Canada | E8: - | G8: Qatar | H8: =IF(OR(D8="",F8=""),"",IF(D8>F8,"L",IF(D8<F8,"V","E"))) | I8: BC Place, Vancouver
A9: 2026-06-24 | B9: 16:00 | C9: Suiza | E9: - | G9: Canada | H9: =IF(OR(D9="",F9=""),"",IF(D9>F9,"L",IF(D9<F9,"V","E"))) | I9: BC Place, Vancouver
A10: 2026-06-24 | B10: 16:00 | C10: Bosnia y Herzegovina | E10: - | G10: Qatar | H10: =IF(OR(D10="",F10=""),"",IF(D10>F10,"L",IF(D10<F10,"V","E"))) | I10: Lumen Field, Seattle
A11: Tabla (no ordenada)
A12: Equipo | B12: PJ | C12: PG | D12: PE | E12: PP | F12: GF | G12: GC | H12: DG | I12: Pts | K12: Score
A13: Canada | B13: =SUMPRODUCT((($C$5:$C$10="Canada")+($G$5:$G$10="Canada"))*($D$5:$D$10<>"")*($F$5:$F$10<>"")) -> 1 | C13: =SUMPRODUCT(($D$5:$D$10<>"")*($F$5:$F$10<>"")*((($C$5:$C$10="Canada")*(($D$5:$D$10)>($F$5:$F$10)))+(($G$5:$G$10="Canada")*(($F$5:$F$10)>($D$5:$D$10))))) -> 0 | D13: =SUMPRODUCT(($D$5:$D$10<>"")*($F$5:$F$10<>"")*(($C$5:$C$10="Canada")+($G$5:$G$10="Canada"))*(($D$5:$D$10)=($F$5:$F$10))) -> 0 | E13: =SUMPRODUCT(($D$5:$D$10<>"")*($F$5:$F$10<>"")*((($C$5:$C$10="Canada")*(($D$5:$D$10)<($F$5:$F$10)))+(($G$5:$G$10="Canada")*(($F$5:$F$10)<($D$5:$D$10))))) -> 1 | F13: =SUMPRODUCT(($D$5:$D$10<>"")*($F$5:$F$10<>"")*((($C$5:$C$10="Canada")*($D$5:$D$10))+(($G$5:$G$10="Canada")*($F$5:$F$10)))) -> 1 | G13: =SUMPRODUCT(($D$5:$D$10<>"")*($F$5:$F$10<>"")*((($C$5:$C$10="Canada")*($F$5:$F$10))+(($G$5:$G$10="Canada")*($D$5:$D$10)))) -> 2 | H13: =F13-G13 -> -1 | I13: =C13*3+D13 -> 0 | K13: =I13*1000000000+H13*1000000+F13*1000+(4) -> -998996
A14: Bosnia y Herzegovina | B14: =SUMPRODUCT((($C$5:$C$10="Bosnia y Herzegovina")+($G$5:$G$10="Bosnia y Herzegovina"))*($D$5:$D$10<>"")*($F$5:$F$10<>"")) -> 1 | C14: =SUMPRODUCT(($D$5:$D$10<>"")*($F$5:$F$10<>"")*((($C$5:$C$10="Bosnia y Herzegovina")*(($D$5:$D$10)>($F$5:$F$10)))+(($G$5:$G$10="Bosnia y Herzegovina")*(($F$5:$F$10)>($D$5:$D$10))))) -> 1 | D14: =SUMPRODUCT(($D$5:$D$10<>"")*($F$5:$F$10<>"")*(($C$5:$C$10="Bosnia y Herzegovina")+($G$5:$G$10="Bosnia y Herzegovina"))*(($D$5:$D$10)=($F$5:$F$10))) -> 0 | E14: =SUMPRODUCT(($D$5:$D$10<>"")*($F$5:$F$10<>"")*((($C$5:$C$10="Bosnia y Herzegovina")*(($D$5:$D$10)<($F$5:$F$10)))+(($G$5:$G$10="Bosnia y Herzegovina")*(($F$5:$F$10)<($D$5:$D$10))))) -> 0 | F14: =SUMPRODUCT(($D$5:$D$10<>"")*($F$5:$F$10<>"")*((($C$5:$C$10="Bosnia y Herzegovina")*($D$5:$D$10))+(($G$5:$G$10="Bosnia y Herzegovina")*($F$5:$F$10)))) -> 2 | G14: =SUMPRODUCT(($D$5:$D$10<>"")*($F$5:$F$10<>"")*((($C$5:$C$10="Bosnia y Herzegovina")*($F$5:$F$10))+(($G$5:$G$10="Bosnia y Herzegovina")*($D$5:$D$10)))) -> 1 | H14: =F14-G14 -> 1 | I14: =C14*3+D14 -> 3 | K14: =I14*1000000000+H14*1000000+F14*1000+(3) -> 3001002003
A15: Qatar | B15: =SUMPRODUCT((($C$5:$C$10="Qatar")+($G$5:$G$10="Qatar"))*($D$5:$D$10<>"")*($F$5:$F$10<>"")) -> 1 | C15: =SUMPRODUCT(($D$5:$D$10<>"")*($F$5:$F$10<>"")*((($C$5:$C$10="Qatar")*(($D$5:$D$10)>($F$5:$F$10)))+(($G$5:$G$10="Qatar")*(($F$5:$F$10)>($D$5:$D$10))))) -> 0 | D15: =SUMPRODUCT(($D$5:$D$10<>"")*($F$5:$F$10<>"")*(($C$5:$C$10="Qatar")+($G$5:$G$10="Qatar"))*(($D$5:$D$10)=($F$5:$F$10))) -> 0 | E15: =SUMPRODUCT(($D$5:$D$10<>"")*($F$5:$F$10<>"")*((($C$5:$C$10="Qatar")*(($D$5:$D$10)<($F$5:$F$10)))+(($G$5:$G$10="Qatar")*(($F$5:$F$10)<($D$5:$D$10))))) -> 1 | F15: =SUMPRODUCT(($D$5:$D$10<>"")*($F$5:$F$10<>"")*((($C$5:$C$10="Qatar")*($D$5:$D$10))+(($G$5:$G$10="Qatar")*($F$5:$F$10)))) -> 1 | G15: =SUMPRODUCT(($D$5:$D$10<>"")*($F$5:$F$10<>"")*((($C$5:$C$10="Qatar")*($F$5:$F$10))+(($G$5:$G$10="Qatar")*($D$5:$D$10)))) -> 3 | H15: =F15-G15 -> -2 | I15: =C15*3+D15 -> 0 | K15: =I15*1000000000+H15*1000000+F15*1000+(2) -> -1998998
A16: Suiza | B16: =SUMPRODUCT((($C$5:$C$10="Suiza")+($G$5:$G$10="Suiza"))*($D$5:$D$10<>"")*($F$5:$F$10<>"")) -> 1 | C16: =SUMPRODUCT(($D$5:$D$10<>"")*($F$5:$F$10<>"")*((($C$5:$C$10="Suiza")*(($D$5:$D$10)>($F$5:$F$10)))+(($G$5:$G$10="Suiza")*(($F$5:$F$10)>($D$5:$D$10))))) -> 1 | D16: =SUMPRODUCT(($D$5:$D$10<>"")*($F$5:$F$10<>"")*(($C$5:$C$10="Suiza")+($G$5:$G$10="Suiza"))*(($D$5:$D$10)=($F$5:$F$10))) -> 0 | E16: =SUMPRODUCT(($D$5:$D$10<>"")*($F$5:$F$10<>"")*((($C$5:$C$10="Suiza")*(($D$5:$D$10)<($F$5:$F$10)))+(($G$5:$G$10="Suiza")*(($F$5:$F$10)<($D$5:$D$10))))) -> 0 | F16: =SUMPRODUCT(($D$5:$D$10<>"")*($F$5:$F$10<>"")*((($C$5:$C$10="Suiza")*($D$5:$D$10))+(($G$5:$G$10="Suiza")*($F$5:$F$10)))) -> 3 | G16: =SUMPRODUCT(($D$5:$D$10<>"")*($F$5:$F$10<>"")*((($C$5:$C$10="Suiza")*($F$5:$F$10))+(($G$5:$G$10="Suiza")*($D$5:$D$10)))) -> 1 | H16: =F16-G16 -> 2 | I16: =C16*3+D16 -> 3 | K16: =I16*1000000000+H16*1000000+F16*1000+(1) -> 3002003001
A17: Tabla de posiciones (en vivo)
A18: # | B18: Equipo | C18: PJ | D18: PG | E18: PE | F18: PP | G18: GF | H18: GC | I18: DG | J18: Pts | K18: Estado
A19: 1 | B19: =INDEX($A$13:$A$16,MATCH(LARGE($K$13:$K$16,1),$K$13:$K$16,0)) -> Suiza | C19: =INDEX($B$13:$I$16,MATCH(LARGE($K$13:$K$16,1),$K$13:$K$16,0),1) -> 1 | D19: =INDEX($B$13:$I$16,MATCH(LARGE($K$13:$K$16,1),$K$13:$K$16,0),2) -> 1 | E19: =INDEX($B$13:$I$16,MATCH(LARGE($K$13:$K$16,1),$K$13:$K$16,0),3) -> 0 | F19: =INDEX($B$13:$I$16,MATCH(LARGE($K$13:$K$16,1),$K$13:$K$16,0),4) -> 0 | G19: =INDEX($B$13:$I$16,MATCH(LARGE($K$13:$K$16,1),$K$13:$K$16,0),5) -> 3 | H19: =INDEX($B$13:$I$16,MATCH(LARGE($K$13:$K$16,1),$K$13:$K$16,0),6) -> 1 | I19: =INDEX($B$13:$I$16,MATCH(LARGE($K$13:$K$16,1),$K$13:$K$16,0),7) -> 2 | J19: =INDEX($B$13:$I$16,MATCH(LARGE($K$13:$K$16,1),$K$13:$K$16,0),8) -> 3 | K19: ="Clasificado 1ro" -> Clasificado 1ro
A20: 2 | B20: =INDEX($A$13:$A$16,MATCH(LARGE($K$13:$K$16,2),$K$13:$K$16,0)) -> Bosnia y Herzegovina | C20: =INDEX($B$13:$I$16,MATCH(LARGE($K$13:$K$16,2),$K$13:$K$16,0),1) -> 1 | D20: =INDEX($B$13:$I$16,MATCH(LARGE($K$13:$K$16,2),$K$13:$K$16,0),2) -> 1 | E20: =INDEX($B$13:$I$16,MATCH(LARGE($K$13:$K$16,2),$K$13:$K$16,0),3) -> 0 | F20: =INDEX($B$13:$I$16,MATCH(LARGE($K$13:$K$16,2),$K$13:$K$16,0),4) -> 0 | G20: =INDEX($B$13:$I$16,MATCH(LARGE($K$13:$K$16,2),$K$13:$K$16,0),5) -> 2 | H20: =INDEX($B$13:$I$16,MATCH(LARGE($K$13:$K$16,2),$K$13:$K$16,0),6) -> 1 | I20: =INDEX($B$13:$I$16,MATCH(LARGE($K$13:$K$16,2),$K$13:$K$16,0),7) -> 1 | J20: =INDEX($B$13:$I$16,MATCH(LARGE($K$13:$K$16,2),$K$13:$K$16,0),8) -> 3 | K20: ="Clasificado 2do" -> Clasificado 2do
A21: 3 | B21: =INDEX($A$13:$A$16,MATCH(LARGE($K$13:$K$16,3),$K$13:$K$16,0)) -> Canada | C21: =INDEX($B$13:$I$16,MATCH(LARGE($K$13:$K$16,3),$K$13:$K$16,0),1) -> 1 | D21: =INDEX($B$13:$I$16,MATCH(LARGE($K$13:$K$16,3),$K$13:$K$16,0),2) -> 0 | E21: =INDEX($B$13:$I$16,MATCH(LARGE($K$13:$K$16,3),$K$13:$K$16,0),3) -> 0 | F21: =INDEX($B$13:$I$16,MATCH(LARGE($K$13:$K$16,3),$K$13:$K$16,0),4) -> 1 | G21: =INDEX($B$13:$I$16,MATCH(LARGE($K$13:$K$16,3),$K$13:$K$16,0),5) -> 1 | H21: =INDEX($B$13:$I$16,MATCH(LARGE($K$13:$K$16,3),$K$13:$K$16,0),6) -> 2 | I21: =INDEX($B$13:$I$16,MATCH(LARGE($K$13:$K$16,3),$K$13:$K$16,0),7) -> -1 | J21: =INDEX($B$13:$I$16,MATCH(LARGE($K$13:$K$16,3),$K$13:$K$16,0),8) -> 0 | K21: ="3ro (puede avanzar)" -> 3ro (puede avanzar)
A22: 4 | B22: =INDEX($A$13:$A$16,MATCH(LARGE($K$13:$K$16,4),$K$13:$K$16,0)) -> Qatar | C22: =INDEX($B$13:$I$16,MATCH(LARGE($K$13:$K$16,4),$K$13:$K$16,0),1) -> 1 | D22: =INDEX($B$13:$I$16,MATCH(LARGE($K$13:$K$16,4),$K$13:$K$16,0),2) -> 0 | E22: =INDEX($B$13:$I$16,MATCH(LARGE($K$13:$K$16,4),$K$13:$K$16,0),3) -> 0 | F22: =INDEX($B$13:$I$16,MATCH(LARGE($K$13:$K$16,4),$K$13:$K$16,0),4) -> 1 | G22: =INDEX($B$13:$I$16,MATCH(LARGE($K$13:$K$16,4),$K$13:$K$16,0),5) -> 1 | H22: =INDEX($B$13:$I$16,MATCH(LARGE($K$13:$K$16,4),$K$13:$K$16,0),6) -> 3 | I22: =INDEX($B$13:$I$16,MATCH(LARGE($K$13:$K$16,4),$K$13:$K$16,0),7) -> -2 | J22: =INDEX($B$13:$I$16,MATCH(LARGE($K$13:$K$16,4),$K$13:$K$16,0),8) -> 0 | K22: ="Eliminado" -> Eliminado

Sheet Grupo C
A1: Grupo C
A3: Partidos | B3: (las celdas amarillas son editables)
A4: Fecha | B4: Hora (ARG) | C4: Local | D4: Goles | F4: Goles | G4: Visitante | H4: Resultado | I4: Sede
A5: 2026-06-13 | B5: 19:00 | C5: Brasil | E5: - | G5: Marruecos | H5: =IF(OR(D5="",F5=""),"",IF(D5>F5,"L",IF(D5<F5,"V","E"))) | I5: MetLife Stadium, East Rutherford
A6: 2026-06-13 | B6: 22:00 | C6: Haiti | E6: - | G6: Escocia | H6: =IF(OR(D6="",F6=""),"",IF(D6>F6,"L",IF(D6<F6,"V","E"))) | I6: Gillette Stadium, Foxboro
A7: 2026-06-19 | B7: 19:00 | C7: Escocia | E7: - | G7: Marruecos | H7: =IF(OR(D7="",F7=""),"",IF(D7>F7,"L",IF(D7<F7,"V","E"))) | I7: Gillette Stadium, Foxboro
A8: 2026-06-19 | B8: 21:30 | C8: Brasil | E8: - | G8: Haiti | H8: =IF(OR(D8="",F8=""),"",IF(D8>F8,"L",IF(D8<F8,"V","E"))) | I8: Lincoln Financial Field, Philadelphia
A9: 2026-06-24 | B9: 19:00 | C9: Escocia | E9: - | G9: Brasil | H9: =IF(OR(D9="",F9=""),"",IF(D9>F9,"L",IF(D9<F9,"V","E"))) | I9: Hard Rock Stadium, Miami
A10: 2026-06-24 | B10: 19:00 | C10: Marruecos | E10: - | G10: Haiti | H10: =IF(OR(D10="",F10=""),"",IF(D10>F10,"L",IF(D10<F10,"V","E"))) | I10: Mercedes-Benz Stadium, Atlanta
A11: Tabla (no ordenada)
A12: Equipo | B12: PJ | C12: PG | D12: PE | E12: PP | F12: GF | G12: GC | H12: DG | I12: Pts | K12: Score
A13: Brasil | B13: =SUMPRODUCT((($C$5:$C$10="Brasil")+($G$5:$G$10="Brasil"))*($D$5:$D$10<>"")*($F$5:$F$10<>"")) -> 0 | C13: =SUMPRODUCT(($D$5:$D$10<>"")*($F$5:$F$10<>"")*((($C$5:$C$10="Brasil")*(($D$5:$D$10)>($F$5:$F$10)))+(($G$5:$G$10="Brasil")*(($F$5:$F$10)>($D$5:$D$10))))) -> 0 | D13: =SUMPRODUCT(($D$5:$D$10<>"")*($F$5:$F$10<>"")*(($C$5:$C$10="Brasil")+($G$5:$G$10="Brasil"))*(($D$5:$D$10)=($F$5:$F$10))) -> 0 | E13: =SUMPRODUCT(($D$5:$D$10<>"")*($F$5:$F$10<>"")*((($C$5:$C$10="Brasil")*(($D$5:$D$10)<($F$5:$F$10)))+(($G$5:$G$10="Brasil")*(($F$5:$F$10)<($D$5:$D$10))))) -> 0 | F13: =SUMPRODUCT(($D$5:$D$10<>"")*($F$5:$F$10<>"")*((($C$5:$C$10="Brasil")*($D$5:$D$10))+(($G$5:$G$10="Brasil")*($F$5:$F$10)))) -> 0 | G13: =SUMPRODUCT(($D$5:$D$10<>"")*($F$5:$F$10<>"")*((($C$5:$C$10="Brasil")*($F$5:$F$10))+(($G$5:$G$10="Brasil")*($D$5:$D$10)))) -> 0 | H13: =F13-G13 -> 0 | I13: =C13*3+D13 -> 0 | K13: =I13*1000000000+H13*1000000+F13*1000+(4) -> 4
A14: Marruecos | B14: =SUMPRODUCT((($C$5:$C$10="Marruecos")+($G$5:$G$10="Marruecos"))*($D$5:$D$10<>"")*($F$5:$F$10<>"")) -> 0 | C14: =SUMPRODUCT(($D$5:$D$10<>"")*($F$5:$F$10<>"")*((($C$5:$C$10="Marruecos")*(($D$5:$D$10)>($F$5:$F$10)))+(($G$5:$G$10="Marruecos")*(($F$5:$F$10)>($D$5:$D$10))))) -> 0 | D14: =SUMPRODUCT(($D$5:$D$10<>"")*($F$5:$F$10<>"")*(($C$5:$C$10="Marruecos")+($G$5:$G$10="Marruecos"))*(($D$5:$D$10)=($F$5:$F$10))) -> 0 | E14: =SUMPRODUCT(($D$5:$D$10<>"")*($F$5:$F$10<>"")*((($C$5:$C$10="Marruecos")*(($D$5:$D$10)<($F$5:$F$10)))+(($G$5:$G$10="Marruecos")*(($F$5:$F$10)<($D$5:$D$10))))) -> 0 | F14: =SUMPRODUCT(($D$5:$D$10<>"")*($F$5:$F$10<>"")*((($C$5:$C$10="Marruecos")*($D$5:$D$10))+(($G$5:$G$10="Marruecos")*($F$5:$F$10)))) -> 0 | G14: =SUMPRODUCT(($D$5:$D$10<>"")*($F$5:$F$10<>"")*((($C$5:$C$10="Marruecos")*($F$5:$F$10))+(($G$5:$G$10="Marruecos")*($D$5:$D$10)))) -> 0 | H14: =F14-G14 -> 0 | I14: =C14*3+D14 -> 0 | K14: =I14*1000000000+H14*1000000+F14*1000+(3) -> 3
A15: Haiti | B15: =SUMPRODUCT((($C$5:$C$10="Haiti")+($G$5:$G$10="Haiti"))*($D$5:$D$10<>"")*($F$5:$F$10<>"")) -> 0 | C15: =SUMPRODUCT(($D$5:$D$10<>"")*($F$5:$F$10<>"")*((($C$5:$C$10="Haiti")*(($D$5:$D$10)>($F$5:$F$10)))+(($G$5:$G$10="Haiti")*(($F$5:$F$10)>($D$5:$D$10))))) -> 0 | D15: =SUMPRODUCT(($D$5:$D$10<>"")*($F$5:$F$10<>"")*(($C$5:$C$10="Haiti")+($G$5:$G$10="Haiti"))*(($D$5:$D$10)=($F$5:$F$10))) -> 0 | E15: =SUMPRODUCT(($D$5:$D$10<>"")*($F$5:$F$10<>"")*((($C$5:$C$10="Haiti")*(($D$5:$D$10)<($F$5:$F$10)))+(($G$5:$G$10="Haiti")*(($F$5:$F$10)<($D$5:$D$10))))) -> 0 | F15: =SUMPRODUCT(($D$5:$D$10<>"")*($F$5:$F$10<>"")*((($C$5:$C$10="Haiti")*($D$5:$D$10))+(($G$5:$G$10="Haiti")*($F$5:$F$10)))) -> 0 | G15: =SUMPRODUCT(($D$5:$D$10<>"")*($F$5:$F$10<>"")*((($C$5:$C$10="Haiti")*($F$5:$F$10))+(($G$5:$G$10="Haiti")*($D$5:$D$10)))) -> 0 | H15: =F15-G15 -> 0 | I15: =C15*3+D15 -> 0 | K15: =I15*1000000000+H15*1000000+F15*1000+(2) -> 2
A16: Escocia | B16: =SUMPRODUCT((($C$5:$C$10="Escocia")+($G$5:$G$10="Escocia"))*($D$5:$D$10<>"")*($F$5:$F$10<>"")) -> 0 | C16: =SUMPRODUCT(($D$5:$D$10<>"")*($F$5:$F$10<>"")*((($C$5:$C$10="Escocia")*(($D$5:$D$10)>($F$5:$F$10)))+(($G$5:$G$10="Escocia")*(($F$5:$F$10)>($D$5:$D$10))))) -> 0 | D16: =SUMPRODUCT(($D$5:$D$10<>"")*($F$5:$F$10<>"")*(($C$5:$C$10="Escocia")+($G$5:$G$10="Escocia"))*(($D$5:$D$10)=($F$5:$F$10))) -> 0 | E16: =SUMPRODUCT(($D$5:$D$10<>"")*($F$5:$F$10<>"")*((($C$5:$C$10="Escocia")*(($D$5:$D$10)<($F$5:$F$10)))+(($G$5:$G$10="Escocia")*(($F$5:$F$10)<($D$5:$D$10))))) -> 0 | F16: =SUMPRODUCT(($D$5:$D$10<>"")*($F$5:$F$10<>"")*((($C$5:$C$10="Escocia")*($D$5:$D$10))+(($G$5:$G$10="Escocia")*($F$5:$F$10)))) -> 0 | G16: =SUMPRODUCT(($D$5:$D$10<>"")*($F$5:$F$10<>"")*((($C$5:$C$10="Escocia")*($F$5:$F$10))+(($G$5:$G$10="Escocia")*($D$5:$D$10)))) -> 0 | H16: =F16-G16 -> 0 | I16: =C16*3+D16 -> 0 | K16: =I16*1000000000+H16*1000000+F16*1000+(1) -> 1
A17: Tabla de posiciones (en vivo)
A18: # | B18: Equipo | C18: PJ | D18: PG | E18: PE | F18: PP | G18: GF | H18: GC | I18: DG | J18: Pts | K18: Estado
A19: 1 | B19: =INDEX($A$13:$A$16,MATCH(LARGE($K$13:$K$16,1),$K$13:$K$16,0)) -> Brasil | C19: =INDEX($B$13:$I$16,MATCH(LARGE($K$13:$K$16,1),$K$13:$K$16,0),1) -> 0 | D19: =INDEX($B$13:$I$16,MATCH(LARGE($K$13:$K$16,1),$K$13:$K$16,0),2) -> 0 | E19: =INDEX($B$13:$I$16,MATCH(LARGE($K$13:$K$16,1),$K$13:$K$16,0),3) -> 0 | F19: =INDEX($B$13:$I$16,MATCH(LARGE($K$13:$K$16,1),$K$13:$K$16,0),4) -> 0 | G19: =INDEX($B$13:$I$16,MATCH(LARGE($K$13:$K$16,1),$K$13:$K$16,0),5) -> 0 | H19: =INDEX($B$13:$I$16,MATCH(LARGE($K$13:$K$16,1),$K$13:$K$16,0),6) -> 0 | I19: =INDEX($B$13:$I$16,MATCH(LARGE($K$13:$K$16,1),$K$13:$K$16,0),7) -> 0 | J19: =INDEX($B$13:$I$16,MATCH(LARGE($K$13:$K$16,1),$K$13:$K$16,0),8) -> 0 | K19: ="Clasificado 1ro" -> Clasificado 1ro
A20: 2 | B20: =INDEX($A$13:$A$16,MATCH(LARGE($K$13:$K$16,2),$K$13:$K$16,0)) -> Marruecos | C20: =INDEX($B$13:$I$16,MATCH(LARGE($K$13:$K$16,2),$K$13:$K$16,0),1) -> 0 | D20: =INDEX($B$13:$I$16,MATCH(LARGE($K$13:$K$16,2),$K$13:$K$16,0),2) -> 0 | E20: =INDEX($B$13:$I$16,MATCH(LARGE($K$13:$K$16,2),$K$13:$K$16,0),3) -> 0 | F20: =INDEX($B$13:$I$16,MATCH(LARGE($K$13:$K$16,2),$K$13:$K$16,0),4) -> 0 | G20: =INDEX($B$13:$I$16,MATCH(LARGE($K$13:$K$16,2),$K$13:$K$16,0),5) -> 0 | H20: =INDEX($B$13:$I$16,MATCH(LARGE($K$13:$K$16,2),$K$13:$K$16,0),6) -> 0 | I20: =INDEX($B$13:$I$16,MATCH(LARGE($K$13:$K$16,2),$K$13:$K$16,0),7) -> 0 | J20: =INDEX($B$13:$I$16,MATCH(LARGE($K$13:$K$16,2),$K$13:$K$16,0),8) -> 0 | K20: ="Clasificado 2do" -> Clasificado 2do
A21: 3 | B21: =INDEX($A$13:$A$16,MATCH(LARGE($K$13:$K$16,3),$K$13:$K$16,0)) -> Haiti | C21: =INDEX($B$13:$I$16,MATCH(LARGE($K$13:$K$16,3),$K$13:$K$16,0),1) -> 0 | D21: =INDEX($B$13:$I$16,MATCH(LARGE($K$13:$K$16,3),$K$13:$K$16,0),2) -> 0 | E21: =INDEX($B$13:$I$16,MATCH(LARGE($K$13:$K$16,3),$K$13:$K$16,0),3) -> 0 | F21: =INDEX($B$13:$I$16,MATCH(LARGE($K$13:$K$16,3),$K$13:$K$16,0),4) -> 0 | G21: =INDEX($B$13:$I$16,MATCH(LARGE($K$13:$K$16,3),$K$13:$K$16,0),5) -> 0 | H21: =INDEX($B$13:$I$16,MATCH(LARGE($K$13:$K$16,3),$K$13:$K$16,0),6) -> 0 | I21: =INDEX($B$13:$I$16,MATCH(LARGE($K$13:$K$16,3),$K$13:$K$16,0),7) -> 0 | J21: =INDEX($B$13:$I$16,MATCH(LARGE($K$13:$K$16,3),$K$13:$K$16,0),8) -> 0 | K21: ="3ro (puede avanzar)" -> 3ro (puede avanzar)
A22: 4 | B22: =INDEX($A$13:$A$16,MATCH(LARGE($K$13:$K$16,4),$K$13:$K$16,0)) -> Escocia | C22: =INDEX($B$13:$I$16,MATCH(LARGE($K$13:$K$16,4),$K$13:$K$16,0),1) -> 0 | D22: =INDEX($B$13:$I$16,MATCH(LARGE($K$13:$K$16,4),$K$13:$K$16,0),2) -> 0 | E22: =INDEX($B$13:$I$16,MATCH(LARGE($K$13:$K$16,4),$K$13:$K$16,0),3) -> 0 | F22: =INDEX($B$13:$I$16,MATCH(LARGE($K$13:$K$16,4),$K$13:$K$16,0),4) -> 0 | G22: =INDEX($B$13:$I$16,MATCH(LARGE($K$13:$K$16,4),$K$13:$K$16,0),5) -> 0 | H22: =INDEX($B$13:$I$16,MATCH(LARGE($K$13:$K$16,4),$K$13:$K$16,0),6) -> 0 | I22: =INDEX($B$13:$I$16,MATCH(LARGE($K$13:$K$16,4),$K$13:$K$16,0),7) -> 0 | J22: =INDEX($B$13:$I$16,MATCH(LARGE($K$13:$K$16,4),$K$13:$K$16,0),8) -> 0 | K22: ="Eliminado" -> Eliminado

Sheet Grupo D
A1: Grupo D
A3: Partidos | B3: (las celdas amarillas son editables)
A4: Fecha | B4: Hora (ARG) | C4: Local | D4: Goles | F4: Goles | G4: Visitante | H4: Resultado | I4: Sede
A5: 2026-06-12 | B5: 22:00 | C5: Estados Unidos | E5: - | G5: Paraguay | H5: =IF(OR(D5="",F5=""),"",IF(D5>F5,"L",IF(D5<F5,"V","E"))) | I5: SoFi Stadium, Inglewood
A6: 2026-06-14 | B6: 01:00 | C6: Australia | E6: - | G6: Turquia | H6: =IF(OR(D6="",F6=""),"",IF(D6>F6,"L",IF(D6<F6,"V","E"))) | I6: BC Place, Vancouver
A7: 2026-06-19 | B7: 16:00 | C7: Estados Unidos | E7: - | G7: Australia | H7: =IF(OR(D7="",F7=""),"",IF(D7>F7,"L",IF(D7<F7,"V","E"))) | I7: Lumen Field, Seattle
A8: 2026-06-20 | B8: 00:00 | C8: Turquia | E8: - | G8: Paraguay | H8: =IF(OR(D8="",F8=""),"",IF(D8>F8,"L",IF(D8<F8,"V","E"))) | I8: Levi's Stadium, Santa Clara
A9: 2026-06-25 | B9: 23:00 | C9: Turquia | E9: - | G9: Estados Unidos | H9: =IF(OR(D9="",F9=""),"",IF(D9>F9,"L",IF(D9<F9,"V","E"))) | I9: SoFi Stadium, Inglewood
A10: 2026-06-25 | B10: 23:00 | C10: Paraguay | E10: - | G10: Australia | H10: =IF(OR(D10="",F10=""),"",IF(D10>F10,"L",IF(D10<F10,"V","E"))) | I10: Levi's Stadium, Santa Clara
A11: Tabla (no ordenada)
A12: Equipo | B12: PJ | C12: PG | D12: PE | E12: PP | F12: GF | G12: GC | H12: DG | I12: Pts | K12: Score
A13: Estados Unidos | B13: =SUMPRODUCT((($C$5:$C$10="Estados Unidos")+($G$5:$G$10="Estados Unidos"))*($D$5:$D$10<>"")*($F$5:$F$10<>"")) -> 0 | C13: =SUMPRODUCT(($D$5:$D$10<>"")*($F$5:$F$10<>"")*((($C$5:$C$10="Estados Unidos")*(($D$5:$D$10)>($F$5:$F$10)))+(($G$5:$G$10="Estados Unidos")*(($F$5:$F$10)>($D$5:$D$10))))) -> 0 | D13: =SUMPRODUCT(($D$5:$D$10<>"")*($F$5:$F$10<>"")*(($C$5:$C$10="Estados Unidos")+($G$5:$G$10="Estados Unidos"))*(($D$5:$D$10)=($F$5:$F$10))) -> 0 | E13: =SUMPRODUCT(($D$5:$D$10<>"")*($F$5:$F$10<>"")*((($C$5:$C$10="Estados Unidos")*(($D$5:$D$10)<($F$5:$F$10)))+(($G$5:$G$10="Estados Unidos")*(($F$5:$F$10)<($D$5:$D$10))))) -> 0 | F13: =SUMPRODUCT(($D$5:$D$10<>"")*($F$5:$F$10<>"")*((($C$5:$C$10="Estados Unidos")*($D$5:$D$10))+(($G$5:$G$10="Estados Unidos")*($F$5:$F$10)))) -> 0 | G13: =SUMPRODUCT(($D$5:$D$10<>"")*($F$5:$F$10<>"")*((($C$5:$C$10="Estados Unidos")*($F$5:$F$10))+(($G$5:$G$10="Estados Unidos")*($D$5:$D$10)))) -> 0 | H13: =F13-G13 -> 0 | I13: =C13*3+D13 -> 0 | K13: =I13*1000000000+H13*1000000+F13*1000+(4) -> 4
A14: Paraguay | B14: =SUMPRODUCT((($C$5:$C$10="Paraguay")+($G$5:$G$10="Paraguay"))*($D$5:$D$10<>"")*($F$5:$F$10<>"")) -> 0 | C14: =SUMPRODUCT(($D$5:$D$10<>"")*($F$5:$F$10<>"")*((($C$5:$C$10="Paraguay")*(($D$5:$D$10)>($F$5:$F$10)))+(($G$5:$G$10="Paraguay")*(($F$5:$F$10)>($D$5:$D$10))))) -> 0 | D14: =SUMPRODUCT(($D$5:$D$10<>"")*($F$5:$F$10<>"")*(($C$5:$C$10="Paraguay")+($G$5:$G$10="Paraguay"))*(($D$5:$D$10)=($F$5:$F$10))) -> 0 | E14: =SUMPRODUCT(($D$5:$D$10<>"")*($F$5:$F$10<>"")*((($C$5:$C$10="Paraguay")*(($D$5:$D$10)<($F$5:$F$10)))+(($G$5:$G$10="Paraguay")*(($F$5:$F$10)<($D$5:$D$10))))) -> 0 | F14: =SUMPRODUCT(($D$5:$D$10<>"")*($F$5:$F$10<>"")*((($C$5:$C$10="Paraguay")*($D$5:$D$10))+(($G$5:$G$10="Paraguay")*($F$5:$F$10)))) -> 0 | G14: =SUMPRODUCT(($D$5:$D$10<>"")*($F$5:$F$10<>"")*((($C$5:$C$10="Paraguay")*($F$5:$F$10))+(($G$5:$G$10="Paraguay")*($D$5:$D$10)))) -> 0 | H14: =F14-G14 -> 0 | I14: =C14*3+D14 -> 0 | K14: =I14*1000000000+H14*1000000+F14*1000+(3) -> 3
A15: Australia | B15: =SUMPRODUCT((($C$5:$C$10="Australia")+($G$5:$G$10="Australia"))*($D$5:$D$10<>"")*($F$5:$F$10<>"")) -> 0 | C15: =SUMPRODUCT(($D$5:$D$10<>"")*($F$5:$F$10<>"")*((($C$5:$C$10="Australia")*(($D$5:$D$10)>($F$5:$F$10)))+(($G$5:$G$10="Australia")*(($F$5:$F$10)>($D$5:$D$10))))) -> 0 | D15: =SUMPRODUCT(($D$5:$D$10<>"")*($F$5:$F$10<>"")*(($C$5:$C$10="Australia")+($G$5:$G$10="Australia"))*(($D$5:$D$10)=($F$5:$F$10))) -> 0 | E15: =SUMPRODUCT(($D$5:$D$10<>"")*($F$5:$F$10<>"")*((($C$5:$C$10="Australia")*(($D$5:$D$10)<($F$5:$F$10)))+(($G$5:$G$10="Australia")*(($F$5:$F$10)<($D$5:$D$10))))) -> 0 | F15: =SUMPRODUCT(($D$5:$D$10<>"")*($F$5:$F$10<>"")*((($C$5:$C$10="Australia")*($D$5:$D$10))+(($G$5:$G$10="Australia")*($F$5:$F$10)))) -> 0 | G15: =SUMPRODUCT(($D$5:$D$10<>"")*($F$5:$F$10<>"")*((($C$5:$C$10="Australia")*($F$5:$F$10))+(($G$5:$G$10="Australia")*($D$5:$D$10)))) -> 0 | H15: =F15-G15 -> 0 | I15: =C15*3+D15 -> 0 | K15: =I15*1000000000+H15*1000000+F15*1000+(2) -> 2
A16: Turquia | B16: =SUMPRODUCT((($C$5:$C$10="Turquia")+($G$5:$G$10="Turquia"))*($D$5:$D$10<>"")*($F$5:$F$10<>"")) -> 0 | C16: =SUMPRODUCT(($D$5:$D$10<>"")*($F$5:$F$10<>"")*((($C$5:$C$10="Turquia")*(($D$5:$D$10)>($F$5:$F$10)))+(($G$5:$G$10="Turquia")*(($F$5:$F$10)>($D$5:$D$10))))) -> 0 | D16: =SUMPRODUCT(($D$5:$D$10<>"")*($F$5:$F$10<>"")*(($C$5:$C$10="Turquia")+($G$5:$G$10="Turquia"))*(($D$5:$D$10)=($F$5:$F$10))) -> 0 | E16: =SUMPRODUCT(($D$5:$D$10<>"")*($F$5:$F$10<>"")*((($C$5:$C$10="Turquia")*(($D$5:$D$10)<($F$5:$F$10)))+(($G$5:$G$10="Turquia")*(($F$5:$F$10)<($D$5:$D$10))))) -> 0 | F16: =SUMPRODUCT(($D$5:$D$10<>"")*($F$5:$F$10<>"")*((($C$5:$C$10="Turquia")*($D$5:$D$10))+(($G$5:$G$10="Turquia")*($F$5:$F$10)))) -> 0 | G16: =SUMPRODUCT(($D$5:$D$10<>"")*($F$5:$F$10<>"")*((($C$5:$C$10="Turquia")*($F$5:$F$10))+(($G$5:$G$10="Turquia")*($D$5:$D$10)))) -> 0 | H16: =F16-G16 -> 0 | I16: =C16*3+D16 -> 0 | K16: =I16*1000000000+H16*1000000+F16*1000+(1) -> 1
A17: Tabla de posiciones (en vivo)
A18: # | B18: Equipo | C18: PJ | D18: PG | E18: PE | F18: PP | G18: GF | H18: GC | I18: DG | J18: Pts | K18: Estado
A19: 1 | B19: =INDEX($A$13:$A$16,MATCH(LARGE($K$13:$K$16,1),$K$13:$K$16,0)) -> Estados Unidos | C19: =INDEX($B$13:$I$16,MATCH(LARGE($K$13:$K$16,1),$K$13:$K$16,0),1) -> 0 | D19: =INDEX($B$13:$I$16,MATCH(LARGE($K$13:$K$16,1),$K$13:$K$16,0),2) -> 0 | E19: =INDEX($B$13:$I$16,MATCH(LARGE($K$13:$K$16,1),$K$13:$K$16,0),3) -> 0 | F19: =INDEX($B$13:$I$16,MATCH(LARGE($K$13:$K$16,1),$K$13:$K$16,0),4) -> 0 | G19: =INDEX($B$13:$I$16,MATCH(LARGE($K$13:$K$16,1),$K$13:$K$16,0),5) -> 0 | H19: =INDEX($B$13:$I$16,MATCH(LARGE($K$13:$K$16,1),$K$13:$K$16,0),6) -> 0 | I19: =INDEX($B$13:$I$16,MATCH(LARGE($K$13:$K$16,1),$K$13:$K$16,0),7) -> 0 | J19: =INDEX($B$13:$I$16,MATCH(LARGE($K$13:$K$16,1),$K$13:$K$16,0),8) -> 0 | K19: ="Clasificado 1ro" -> Clasificado 1ro
A20: 2 | B20: =INDEX($A$13:$A$16,MATCH(LARGE($K$13:$K$16,2),$K$13:$K$16,0)) -> Paraguay | C20: =INDEX($B$13:$I$16,MATCH(LARGE($K$13:$K$16,2),$K$13:$K$16,0),1) -> 0 | D20: =INDEX($B$13:$I$16,MATCH(LARGE($K$13:$K$16,2),$K$13:$K$16,0),2) -> 0 | E20: =INDEX($B$13:$I$16,MATCH(LARGE($K$13:$K$16,2),$K$13:$K$16,0),3) -> 0 | F20: =INDEX($B$13:$I$16,MATCH(LARGE($K$13:$K$16,2),$K$13:$K$16,0),4) -> 0 | G20: =INDEX($B$13:$I$16,MATCH(LARGE($K$13:$K$16,2),$K$13:$K$16,0),5) -> 0 | H20: =INDEX($B$13:$I$16,MATCH(LARGE($K$13:$K$16,2),$K$13:$K$16,0),6) -> 0 | I20: =INDEX($B$13:$I$16,MATCH(LARGE($K$13:$K$16,2),$K$13:$K$16,0),7) -> 0 | J20: =INDEX($B$13:$I$16,MATCH(LARGE($K$13:$K$16,2),$K$13:$K$16,0),8) -> 0 | K20: ="Clasificado 2do" -> Clasificado 2do
A21: 3 | B21: =INDEX($A$13:$A$16,MATCH(LARGE($K$13:$K$16,3),$K$13:$K$16,0)) -> Australia | C21: =INDEX($B$13:$I$16,MATCH(LARGE($K$13:$K$16,3),$K$13:$K$16,0),1) -> 0 | D21: =INDEX($B$13:$I$16,MATCH(LARGE($K$13:$K$16,3),$K$13:$K$16,0),2) -> 0 | E21: =INDEX($B$13:$I$16,MATCH(LARGE($K$13:$K$16,3),$K$13:$K$16,0),3) -> 0 | F21: =INDEX($B$13:$I$16,MATCH(LARGE($K$13:$K$16,3),$K$13:$K$16,0),4) -> 0 | G21: =INDEX($B$13:$I$16,MATCH(LARGE($K$13:$K$16,3),$K$13:$K$16,0),5) -> 0 | H21: =INDEX($B$13:$I$16,MATCH(LARGE($K$13:$K$16,3),$K$13:$K$16,0),6) -> 0 | I21: =INDEX($B$13:$I$16,MATCH(LARGE($K$13:$K$16,3),$K$13:$K$16,0),7) -> 0 | J21: =INDEX($B$13:$I$16,MATCH(LARGE($K$13:$K$16,3),$K$13:$K$16,0),8) -> 0 | K21: ="3ro (puede avanzar)" -> 3ro (puede avanzar)
A22: 4 | B22: =INDEX($A$13:$A$16,MATCH(LARGE($K$13:$K$16,4),$K$13:$K$16,0)) -> Turquia | C22: =INDEX($B$13:$I$16,MATCH(LARGE($K$13:$K$16,4),$K$13:$K$16,0),1) -> 0 | D22: =INDEX($B$13:$I$16,MATCH(LARGE($K$13:$K$16,4),$K$13:$K$16,0),2) -> 0 | E22: =INDEX($B$13:$I$16,MATCH(LARGE($K$13:$K$16,4),$K$13:$K$16,0),3) -> 0 | F22: =INDEX($B$13:$I$16,MATCH(LARGE($K$13:$K$16,4),$K$13:$K$16,0),4) -> 0 | G22: =INDEX($B$13:$I$16,MATCH(LARGE($K$13:$K$16,4),$K$13:$K$16,0),5) -> 0 | H22: =INDEX($B$13:$I$16,MATCH(LARGE($K$13:$K$16,4),$K$13:$K$16,0),6) -> 0 | I22: =INDEX($B$13:$I$16,MATCH(LARGE($K$13:$K$16,4),$K$13:$K$16,0),7) -> 0 | J22: =INDEX($B$13:$I$16,MATCH(LARGE($K$13:$K$16,4),$K$13:$K$16,0),8) -> 0 | K22: ="Eliminado" -> Eliminado

Sheet Grupo E
A1: Grupo E
A3: Partidos | B3: (las celdas amarillas son editables)
A4: Fecha | B4: Hora (ARG) | C4: Local | D4: Goles | F4: Goles | G4: Visitante | H4: Resultado | I4: Sede
A5: 2026-06-14 | B5: 14:00 | C5: Alemania | E5: - | G5: Curazao | H5: =IF(OR(D5="",F5=""),"",IF(D5>F5,"L",IF(D5<F5,"V","E"))) | I5: NRG Stadium, Houston
A6: 2026-06-14 | B6: 20:00 | C6: Costa de Marfil | E6: - | G6: Ecuador | H6: =IF(OR(D6="",F6=""),"",IF(D6>F6,"L",IF(D6<F6,"V","E"))) | I6: Lincoln Financial Field, Philadelphia
A7: 2026-06-20 | B7: 17:00 | C7: Alemania | E7: - | G7: Costa de Marfil | H7: =IF(OR(D7="",F7=""),"",IF(D7>F7,"L",IF(D7<F7,"V","E"))) | I7: BMO Field, Toronto
A8: 2026-06-20 | B8: 21:00 | C8: Ecuador | E8: - | G8: Curazao | H8: =IF(OR(D8="",F8=""),"",IF(D8>F8,"L",IF(D8<F8,"V","E"))) | I8: Arrowhead Stadium, Kansas City
A9: 2026-06-25 | B9: 17:00 | C9: Curazao | E9: - | G9: Costa de Marfil | H9: =IF(OR(D9="",F9=""),"",IF(D9>F9,"L",IF(D9<F9,"V","E"))) | I9: Lincoln Financial Field, Philadelphia
A10: 2026-06-25 | B10: 17:00 | C10: Ecuador | E10: - | G10: Alemania | H10: =IF(OR(D10="",F10=""),"",IF(D10>F10,"L",IF(D10<F10,"V","E"))) | I10: MetLife Stadium, East Rutherford
A11: Tabla (no ordenada)
A12: Equipo | B12: PJ | C12: PG | D12: PE | E12: PP | F12: GF | G12: GC | H12: DG | I12: Pts | K12: Score
A13: Alemania | B13: =SUMPRODUCT((($C$5:$C$10="Alemania")+($G$5:$G$10="Alemania"))*($D$5:$D$10<>"")*($F$5:$F$10<>"")) -> 0 | C13: =SUMPRODUCT(($D$5:$D$10<>"")*($F$5:$F$10<>"")*((($C$5:$C$10="Alemania")*(($D$5:$D$10)>($F$5:$F$10)))+(($G$5:$G$10="Alemania")*(($F$5:$F$10)>($D$5:$D$10))))) -> 0 | D13: =SUMPRODUCT(($D$5:$D$10<>"")*($F$5:$F$10<>"")*(($C$5:$C$10="Alemania")+($G$5:$G$10="Alemania"))*(($D$5:$D$10)=($F$5:$F$10))) -> 0 | E13: =SUMPRODUCT(($D$5:$D$10<>"")*($F$5:$F$10<>"")*((($C$5:$C$10="Alemania")*(($D$5:$D$10)<($F$5:$F$10)))+(($G$5:$G$10="Alemania")*(($F$5:$F$10)<($D$5:$D$10))))) -> 0 | F13: =SUMPRODUCT(($D$5:$D$10<>"")*($F$5:$F$10<>"")*((($C$5:$C$10="Alemania")*($D$5:$D$10))+(($G$5:$G$10="Alemania")*($F$5:$F$10)))) -> 0 | G13: =SUMPRODUCT(($D$5:$D$10<>"")*($F$5:$F$10<>"")*((($C$5:$C$10="Alemania")*($F$5:$F$10))+(($G$5:$G$10="Alemania")*($D$5:$D$10)))) -> 0 | H13: =F13-G13 -> 0 | I13: =C13*3+D13 -> 0 | K13: =I13*1000000000+H13*1000000+F13*1000+(4) -> 4
A14: Curazao | B14: =SUMPRODUCT((($C$5:$C$10="Curazao")+($G$5:$G$10="Curazao"))*($D$5:$D$10<>"")*($F$5:$F$10<>"")) -> 0 | C14: =SUMPRODUCT(($D$5:$D$10<>"")*($F$5:$F$10<>"")*((($C$5:$C$10="Curazao")*(($D$5:$D$10)>($F$5:$F$10)))+(($G$5:$G$10="Curazao")*(($F$5:$F$10)>($D$5:$D$10))))) -> 0 | D14: =SUMPRODUCT(($D$5:$D$10<>"")*($F$5:$F$10<>"")*(($C$5:$C$10="Curazao")+($G$5:$G$10="Curazao"))*(($D$5:$D$10)=($F$5:$F$10))) -> 0 | E14: =SUMPRODUCT(($D$5:$D$10<>"")*($F$5:$F$10<>"")*((($C$5:$C$10="Curazao")*(($D$5:$D$10)<($F$5:$F$10)))+(($G$5:$G$10="Curazao")*(($F$5:$F$10)<($D$5:$D$10))))) -> 0 | F14: =SUMPRODUCT(($D$5:$D$10<>"")*($F$5:$F$10<>"")*((($C$5:$C$10="Curazao")*($D$5:$D$10))+(($G$5:$G$10="Curazao")*($F$5:$F$10)))) -> 0 | G14: =SUMPRODUCT(($D$5:$D$10<>"")*($F$5:$F$10<>"")*((($C$5:$C$10="Curazao")*($F$5:$F$10))+(($G$5:$G$10="Curazao")*($D$5:$D$10)))) -> 0 | H14: =F14-G14 -> 0 | I14: =C14*3+D14 -> 0 | K14: =I14*1000000000+H14*1000000+F14*1000+(3) -> 3
A15: Costa de Marfil | B15: =SUMPRODUCT((($C$5:$C$10="Costa de Marfil")+($G$5:$G$10="Costa de Marfil"))*($D$5:$D$10<>"")*($F$5:$F$10<>"")) -> 0 | C15: =SUMPRODUCT(($D$5:$D$10<>"")*($F$5:$F$10<>"")*((($C$5:$C$10="Costa de Marfil")*(($D$5:$D$10)>($F$5:$F$10)))+(($G$5:$G$10="Costa de Marfil")*(($F$5:$F$10)>($D$5:$D$10))))) -> 0 | D15: =SUMPRODUCT(($D$5:$D$10<>"")*($F$5:$F$10<>"")*(($C$5:$C$10="Costa de Marfil")+($G$5:$G$10="Costa de Marfil"))*(($D$5:$D$10)=($F$5:$F$10))) -> 0 | E15: =SUMPRODUCT(($D$5:$D$10<>"")*($F$5:$F$10<>"")*((($C$5:$C$10="Costa de Marfil")*(($D$5:$D$10)<($F$5:$F$10)))+(($G$5:$G$10="Costa de Marfil")*(($F$5:$F$10)<($D$5:$D$10))))) -> 0 | F15: =SUMPRODUCT(($D$5:$D$10<>"")*($F$5:$F$10<>"")*((($C$5:$C$10="Costa de Marfil")*($D$5:$D$10))+(($G$5:$G$10="Costa de Marfil")*($F$5:$F$10)))) -> 0 | G15: =SUMPRODUCT(($D$5:$D$10<>"")*($F$5:$F$10<>"")*((($C$5:$C$10="Costa de Marfil")*($F$5:$F$10))+(($G$5:$G$10="Costa de Marfil")*($D$5:$D$10)))) -> 0 | H15: =F15-G15 -> 0 | I15: =C15*3+D15 -> 0 | K15: =I15*1000000000+H15*1000000+F15*1000+(2) -> 2
A16: Ecuador | B16: =SUMPRODUCT((($C$5:$C$10="Ecuador")+($G$5:$G$10="Ecuador"))*($D$5:$D$10<>"")*($F$5:$F$10<>"")) -> 0 | C16: =SUMPRODUCT(($D$5:$D$10<>"")*($F$5:$F$10<>"")*((($C$5:$C$10="Ecuador")*(($D$5:$D$10)>($F$5:$F$10)))+(($G$5:$G$10="Ecuador")*(($F$5:$F$10)>($D$5:$D$10))))) -> 0 | D16: =SUMPRODUCT(($D$5:$D$10<>"")*($F$5:$F$10<>"")*(($C$5:$C$10="Ecuador")+($G$5:$G$10="Ecuador"))*(($D$5:$D$10)=($F$5:$F$10))) -> 0 | E16: =SUMPRODUCT(($D$5:$D$10<>"")*($F$5:$F$10<>"")*((($C$5:$C$10="Ecuador")*(($D$5:$D$10)<($F$5:$F$10)))+(($G$5:$G$10="Ecuador")*(($F$5:$F$10)<($D$5:$D$10))))) -> 0 | F16: =SUMPRODUCT(($D$5:$D$10<>"")*($F$5:$F$10<>"")*((($C$5:$C$10="Ecuador")*($D$5:$D$10))+(($G$5:$G$10="Ecuador")*($F$5:$F$10)))) -> 0 | G16: =SUMPRODUCT(($D$5:$D$10<>"")*($F$5:$F$10<>"")*((($C$5:$C$10="Ecuador")*($F$5:$F$10))+(($G$5:$G$10="Ecuador")*($D$5:$D$10)))) -> 0 | H16: =F16-G16 -> 0 | I16: =C16*3+D16 -> 0 | K16: =I16*1000000000+H16*1000000+F16*1000+(1) -> 1
A17: Tabla de posiciones (en vivo)
A18: # | B18: Equipo | C18: PJ | D18: PG | E18: PE | F18: PP | G18: GF | H18: GC | I18: DG | J18: Pts | K18: Estado
A19: 1 | B19: =INDEX($A$13:$A$16,MATCH(LARGE($K$13:$K$16,1),$K$13:$K$16,0)) -> Alemania | C19: =INDEX($B$13:$I$16,MATCH(LARGE($K$13:$K$16,1),$K$13:$K$16,0),1) -> 0 | D19: =INDEX($B$13:$I$16,MATCH(LARGE($K$13:$K$16,1),$K$13:$K$16,0),2) -> 0 | E19: =INDEX($B$13:$I$16,MATCH(LARGE($K$13:$K$16,1),$K$13:$K$16,0),3) -> 0 | F19: =INDEX($B$13:$I$16,MATCH(LARGE($K$13:$K$16,1),$K$13:$K$16,0),4) -> 0 | G19: =INDEX($B$13:$I$16,MATCH(LARGE($K$13:$K$16,1),$K$13:$K$16,0),5) -> 0 | H19: =INDEX($B$13:$I$16,MATCH(LARGE($K$13:$K$16,1),$K$13:$K$16,0),6) -> 0 | I19: =INDEX($B$13:$I$16,MATCH(LARGE($K$13:$K$16,1),$K$13:$K$16,0),7) -> 0 | J19: =INDEX($B$13:$I$16,MATCH(LARGE($K$13:$K$16,1),$K$13:$K$16,0),8) -> 0 | K19: ="Clasificado 1ro" -> Clasificado 1ro
A20: 2 | B20: =INDEX($A$13:$A$16,MATCH(LARGE($K$13:$K$16,2),$K$13:$K$16,0)) -> Curazao | C20: =INDEX($B$13:$I$16,MATCH(LARGE($K$13:$K$16,2),$K$13:$K$16,0),1) -> 0 | D20: =INDEX($B$13:$I$16,MATCH(LARGE($K$13:$K$16,2),$K$13:$K$16,0),2) -> 0 | E20: =INDEX($B$13:$I$16,MATCH(LARGE($K$13:$K$16,2),$K$13:$K$16,0),3) -> 0 | F20: =INDEX($B$13:$I$16,MATCH(LARGE($K$13:$K$16,2),$K$13:$K$16,0),4) -> 0 | G20: =INDEX($B$13:$I$16,MATCH(LARGE($K$13:$K$16,2),$K$13:$K$16,0),5) -> 0 | H20: =INDEX($B$13:$I$16,MATCH(LARGE($K$13:$K$16,2),$K$13:$K$16,0),6) -> 0 | I20: =INDEX($B$13:$I$16,MATCH(LARGE($K$13:$K$16,2),$K$13:$K$16,0),7) -> 0 | J20: =INDEX($B$13:$I$16,MATCH(LARGE($K$13:$K$16,2),$K$13:$K$16,0),8) -> 0 | K20: ="Clasificado 2do" -> Clasificado 2do
A21: 3 | B21: =INDEX($A$13:$A$16,MATCH(LARGE($K$13:$K$16,3),$K$13:$K$16,0)) -> Costa de Marfil | C21: =INDEX($B$13:$I$16,MATCH(LARGE($K$13:$K$16,3),$K$13:$K$16,0),1) -> 0 | D21: =INDEX($B$13:$I$16,MATCH(LARGE($K$13:$K$16,3),$K$13:$K$16,0),2) -> 0 | E21: =INDEX($B$13:$I$16,MATCH(LARGE($K$13:$K$16,3),$K$13:$K$16,0),3) -> 0 | F21: =INDEX($B$13:$I$16,MATCH(LARGE($K$13:$K$16,3),$K$13:$K$16,0),4) -> 0 | G21: =INDEX($B$13:$I$16,MATCH(LARGE($K$13:$K$16,3),$K$13:$K$16,0),5) -> 0 | H21: =INDEX($B$13:$I$16,MATCH(LARGE($K$13:$K$16,3),$K$13:$K$16,0),6) -> 0 | I21: =INDEX($B$13:$I$16,MATCH(LARGE($K$13:$K$16,3),$K$13:$K$16,0),7) -> 0 | J21: =INDEX($B$13:$I$16,MATCH(LARGE($K$13:$K$16,3),$K$13:$K$16,0),8) -> 0 | K21: ="3ro (puede avanzar)" -> 3ro (puede avanzar)
A22: 4 | B22: =INDEX($A$13:$A$16,MATCH(LARGE($K$13:$K$16,4),$K$13:$K$16,0)) -> Ecuador | C22: =INDEX($B$13:$I$16,MATCH(LARGE($K$13:$K$16,4),$K$13:$K$16,0),1) -> 0 | D22: =INDEX($B$13:$I$16,MATCH(LARGE($K$13:$K$16,4),$K$13:$K$16,0),2) -> 0 | E22: =INDEX($B$13:$I$16,MATCH(LARGE($K$13:$K$16,4),$K$13:$K$16,0),3) -> 0 | F22: =INDEX($B$13:$I$16,MATCH(LARGE($K$13:$K$16,4),$K$13:$K$16,0),4) -> 0 | G22: =INDEX($B$13:$I$16,MATCH(LARGE($K$13:$K$16,4),$K$13:$K$16,0),5) -> 0 | H22: =INDEX($B$13:$I$16,MATCH(LARGE($K$13:$K$16,4),$K$13:$K$16,0),6) -> 0 | I22: =INDEX($B$13:$I$16,MATCH(LARGE($K$13:$K$16,4),$K$13:$K$16,0),7) -> 0 | J22: =INDEX($B$13:$I$16,MATCH(LARGE($K$13:$K$16,4),$K$13:$K$16,0),8) -> 0 | K22: ="Eliminado" -> Eliminado

Sheet Grupo F
A1: Grupo F
A3: Partidos | B3: (las celdas amarillas son editables)
A4: Fecha | B4: Hora (ARG) | C4: Local | D4: Goles | F4: Goles | G4: Visitante | H4: Resultado | I4: Sede
A5: 2026-06-14 | B5: 17:00 | C5: Paises Bajos | E5: - | G5: Japon | H5: =IF(OR(D5="",F5=""),"",IF(D5>F5,"L",IF(D5<F5,"V","E"))) | I5: AT&T Stadium, Arlington
A6: 2026-06-14 | B6: 23:00 | C6: Suecia | E6: - | G6: Tunez | H6: =IF(OR(D6="",F6=""),"",IF(D6>F6,"L",IF(D6<F6,"V","E"))) | I6: Estadio BBVA, Monterrey
A7: 2026-06-20 | B7: 14:00 | C7: Paises Bajos | E7: - | G7: Suecia | H7: =IF(OR(D7="",F7=""),"",IF(D7>F7,"L",IF(D7<F7,"V","E"))) | I7: NRG Stadium, Houston
A8: 2026-06-21 | B8: 01:00 | C8: Tunez | E8: - | G8: Japon | H8: =IF(OR(D8="",F8=""),"",IF(D8>F8,"L",IF(D8<F8,"V","E"))) | I8: Estadio BBVA, Monterrey
A9: 2026-06-25 | B9: 20:00 | C9: Japon | E9: - | G9: Suecia | H9: =IF(OR(D9="",F9=""),"",IF(D9>F9,"L",IF(D9<F9,"V","E"))) | I9: AT&T Stadium, Arlington
A10: 2026-06-25 | B10: 20:00 | C10: Tunez | E10: - | G10: Paises Bajos | H10: =IF(OR(D10="",F10=""),"",IF(D10>F10,"L",IF(D10<F10,"V","E"))) | I10: Arrowhead Stadium, Kansas City
A11: Tabla (no ordenada)
A12: Equipo | B12: PJ | C12: PG | D12: PE | E12: PP | F12: GF | G12: GC | H12: DG | I12: Pts | K12: Score
A13: Paises Bajos | B13: =SUMPRODUCT((($C$5:$C$10="Paises Bajos")+($G$5:$G$10="Paises Bajos"))*($D$5:$D$10<>"")*($F$5:$F$10<>"")) -> 0 | C13: =SUMPRODUCT(($D$5:$D$10<>"")*($F$5:$F$10<>"")*((($C$5:$C$10="Paises Bajos")*(($D$5:$D$10)>($F$5:$F$10)))+(($G$5:$G$10="Paises Bajos")*(($F$5:$F$10)>($D$5:$D$10))))) -> 0 | D13: =SUMPRODUCT(($D$5:$D$10<>"")*($F$5:$F$10<>"")*(($C$5:$C$10="Paises Bajos")+($G$5:$G$10="Paises Bajos"))*(($D$5:$D$10)=($F$5:$F$10))) -> 0 | E13: =SUMPRODUCT(($D$5:$D$10<>"")*($F$5:$F$10<>"")*((($C$5:$C$10="Paises Bajos")*(($D$5:$D$10)<($F$5:$F$10)))+(($G$5:$G$10="Paises Bajos")*(($F$5:$F$10)<($D$5:$D$10))))) -> 0 | F13: =SUMPRODUCT(($D$5:$D$10<>"")*($F$5:$F$10<>"")*((($C$5:$C$10="Paises Bajos")*($D$5:$D$10))+(($G$5:$G$10="Paises Bajos")*($F$5:$F$10)))) -> 0 | G13: =SUMPRODUCT(($D$5:$D$10<>"")*($F$5:$F$10<>"")*((($C$5:$C$10="Paises Bajos")*($F$5:$F$10))+(($G$5:$G$10="Paises Bajos")*($D$5:$D$10)))) -> 0 | H13: =F13-G13 -> 0 | I13: =C13*3+D13 -> 0 | K13: =I13*1000000000+H13*1000000+F13*1000+(4) -> 4
A14: Japon | B14: =SUMPRODUCT((($C$5:$C$10="Japon")+($G$5:$G$10="Japon"))*($D$5:$D$10<>"")*($F$5:$F$10<>"")) -> 0 | C14: =SUMPRODUCT(($D$5:$D$10<>"")*($F$5:$F$10<>"")*((($C$5:$C$10="Japon")*(($D$5:$D$10)>($F$5:$F$10)))+(($G$5:$G$10="Japon")*(($F$5:$F$10)>($D$5:$D$10))))) -> 0 | D14: =SUMPRODUCT(($D$5:$D$10<>"")*($F$5:$F$10<>"")*(($C$5:$C$10="Japon")+($G$5:$G$10="Japon"))*(($D$5:$D$10)=($F$5:$F$10))) -> 0 | E14: =SUMPRODUCT(($D$5:$D$10<>"")*($F$5:$F$10<>"")*((($C$5:$C$10="Japon")*(($D$5:$D$10)<($F$5:$F$10)))+(($G$5:$G$10="Japon")*(($F$5:$F$10)<($D$5:$D$10))))) -> 0 | F14: =SUMPRODUCT(($D$5:$D$10<>"")*($F$5:$F$10<>"")*((($C$5:$C$10="Japon")*($D$5:$D$10))+(($G$5:$G$10="Japon")*($F$5:$F$10)))) -> 0 | G14: =SUMPRODUCT(($D$5:$D$10<>"")*($F$5:$F$10<>"")*((($C$5:$C$10="Japon")*($F$5:$F$10))+(($G$5:$G$10="Japon")*($D$5:$D$10)))) -> 0 | H14: =F14-G14 -> 0 | I14: =C14*3+D14 -> 0 | K14: =I14*1000000000+H14*1000000+F14*1000+(3) -> 3
A15: Suecia | B15: =SUMPRODUCT((($C$5:$C$10="Suecia")+($G$5:$G$10="Suecia"))*($D$5:$D$10<>"")*($F$5:$F$10<>"")) -> 0 | C15: =SUMPRODUCT(($D$5:$D$10<>"")*($F$5:$F$10<>"")*((($C$5:$C$10="Suecia")*(($D$5:$D$10)>($F$5:$F$10)))+(($G$5:$G$10="Suecia")*(($F$5:$F$10)>($D$5:$D$10))))) -> 0 | D15: =SUMPRODUCT(($D$5:$D$10<>"")*($F$5:$F$10<>"")*(($C$5:$C$10="Suecia")+($G$5:$G$10="Suecia"))*(($D$5:$D$10)=($F$5:$F$10))) -> 0 | E15: =SUMPRODUCT(($D$5:$D$10<>"")*($F$5:$F$10<>"")*((($C$5:$C$10="Suecia")*(($D$5:$D$10)<($F$5:$F$10)))+(($G$5:$G$10="Suecia")*(($F$5:$F$10)<($D$5:$D$10))))) -> 0 | F15: =SUMPRODUCT(($D$5:$D$10<>"")*($F$5:$F$10<>"")*((($C$5:$C$10="Suecia")*($D$5:$D$10))+(($G$5:$G$10="Suecia")*($F$5:$F$10)))) -> 0 | G15: =SUMPRODUCT(($D$5:$D$10<>"")*($F$5:$F$10<>"")*((($C$5:$C$10="Suecia")*($F$5:$F$10))+(($G$5:$G$10="Suecia")*($D$5:$D$10)))) -> 0 | H15: =F15-G15 -> 0 | I15: =C15*3+D15 -> 0 | K15: =I15*1000000000+H15*1000000+F15*1000+(2) -> 2
A16: Tunez | B16: =SUMPRODUCT((($C$5:$C$10="Tunez")+($G$5:$G$10="Tunez"))*($D$5:$D$10<>"")*($F$5:$F$10<>"")) -> 0 | C16: =SUMPRODUCT(($D$5:$D$10<>"")*($F$5:$F$10<>"")*((($C$5:$C$10="Tunez")*(($D$5:$D$10)>($F$5:$F$10)))+(($G$5:$G$10="Tunez")*(($F$5:$F$10)>($D$5:$D$10))))) -> 0 | D16: =SUMPRODUCT(($D$5:$D$10<>"")*($F$5:$F$10<>"")*(($C$5:$C$10="Tunez")+($G$5:$G$10="Tunez"))*(($D$5:$D$10)=($F$5:$F$10))) -> 0 | E16: =SUMPRODUCT(($D$5:$D$10<>"")*($F$5:$F$10<>"")*((($C$5:$C$10="Tunez")*(($D$5:$D$10)<($F$5:$F$10)))+(($G$5:$G$10="Tunez")*(($F$5:$F$10)<($D$5:$D$10))))) -> 0 | F16: =SUMPRODUCT(($D$5:$D$10<>"")*($F$5:$F$10<>"")*((($C$5:$C$10="Tunez")*($D$5:$D$10))+(($G$5:$G$10="Tunez")*($F$5:$F$10)))) -> 0 | G16: =SUMPRODUCT(($D$5:$D$10<>"")*($F$5:$F$10<>"")*((($C$5:$C$10="Tunez")*($F$5:$F$10))+(($G$5:$G$10="Tunez")*($D$5:$D$10)))) -> 0 | H16: =F16-G16 -> 0 | I16: =C16*3+D16 -> 0 | K16: =I16*1000000000+H16*1000000+F16*1000+(1) -> 1
A17: Tabla de posiciones (en vivo)
A18: # | B18: Equipo | C18: PJ | D18: PG | E18: PE | F18: PP | G18: GF | H18: GC | I18: DG | J18: Pts | K18: Estado
A19: 1 | B19: =INDEX($A$13:$A$16,MATCH(LARGE($K$13:$K$16,1),$K$13:$K$16,0)) -> Paises Bajos | C19: =INDEX($B$13:$I$16,MATCH(LARGE($K$13:$K$16,1),$K$13:$K$16,0),1) -> 0 | D19: =INDEX($B$13:$I$16,MATCH(LARGE($K$13:$K$16,1),$K$13:$K$16,0),2) -> 0 | E19: =INDEX($B$13:$I$16,MATCH(LARGE($K$13:$K$16,1),$K$13:$K$16,0),3) -> 0 | F19: =INDEX($B$13:$I$16,MATCH(LARGE($K$13:$K$16,1),$K$13:$K$16,0),4) -> 0 | G19: =INDEX($B$13:$I$16,MATCH(LARGE($K$13:$K$16,1),$K$13:$K$16,0),5) -> 0 | H19: =INDEX($B$13:$I$16,MATCH(LARGE($K$13:$K$16,1),$K$13:$K$16,0),6) -> 0 | I19: =INDEX($B$13:$I$16,MATCH(LARGE($K$13:$K$16,1),$K$13:$K$16,0),7) -> 0 | J19: =INDEX($B$13:$I$16,MATCH(LARGE($K$13:$K$16,1),$K$13:$K$16,0),8) -> 0 | K19: ="Clasificado 1ro" -> Clasificado 1ro
A20: 2 | B20: =INDEX($A$13:$A$16,MATCH(LARGE($K$13:$K$16,2),$K$13:$K$16,0)) -> Japon | C20: =INDEX($B$13:$I$16,MATCH(LARGE($K$13:$K$16,2),$K$13:$K$16,0),1) -> 0 | D20: =INDEX($B$13:$I$16,MATCH(LARGE($K$13:$K$16,2),$K$13:$K$16,0),2) -> 0 | E20: =INDEX($B$13:$I$16,MATCH(LARGE($K$13:$K$16,2),$K$13:$K$16,0),3) -> 0 | F20: =INDEX($B$13:$I$16,MATCH(LARGE($K$13:$K$16,2),$K$13:$K$16,0),4) -> 0 | G20: =INDEX($B$13:$I$16,MATCH(LARGE($K$13:$K$16,2),$K$13:$K$16,0),5) -> 0 | H20: =INDEX($B$13:$I$16,MATCH(LARGE($K$13:$K$16,2),$K$13:$K$16,0),6) -> 0 | I20: =INDEX($B$13:$I$16,MATCH(LARGE($K$13:$K$16,2),$K$13:$K$16,0),7) -> 0 | J20: =INDEX($B$13:$I$16,MATCH(LARGE($K$13:$K$16,2),$K$13:$K$16,0),8) -> 0 | K20: ="Clasificado 2do" -> Clasificado 2do
A21: 3 | B21: =INDEX($A$13:$A$16,MATCH(LARGE($K$13:$K$16,3),$K$13:$K$16,0)) -> Suecia | C21: =INDEX($B$13:$I$16,MATCH(LARGE($K$13:$K$16,3),$K$13:$K$16,0),1) -> 0 | D21: =INDEX($B$13:$I$16,MATCH(LARGE($K$13:$K$16,3),$K$13:$K$16,0),2) -> 0 | E21: =INDEX($B$13:$I$16,MATCH(LARGE($K$13:$K$16,3),$K$13:$K$16,0),3) -> 0 | F21: =INDEX($B$13:$I$16,MATCH(LARGE($K$13:$K$16,3),$K$13:$K$16,0),4) -> 0 | G21: =INDEX($B$13:$I$16,MATCH(LARGE($K$13:$K$16,3),$K$13:$K$16,0),5) -> 0 | H21: =INDEX($B$13:$I$16,MATCH(LARGE($K$13:$K$16,3),$K$13:$K$16,0),6) -> 0 | I21: =INDEX($B$13:$I$16,MATCH(LARGE($K$13:$K$16,3),$K$13:$K$16,0),7) -> 0 | J21: =INDEX($B$13:$I$16,MATCH(LARGE($K$13:$K$16,3),$K$13:$K$16,0),8) -> 0 | K21: ="3ro (puede avanzar)" -> 3ro (puede avanzar)
A22: 4 | B22: =INDEX($A$13:$A$16,MATCH(LARGE($K$13:$K$16,4),$K$13:$K$16,0)) -> Tunez | C22: =INDEX($B$13:$I$16,MATCH(LARGE($K$13:$K$16,4),$K$13:$K$16,0),1) -> 0 | D22: =INDEX($B$13:$I$16,MATCH(LARGE($K$13:$K$16,4),$K$13:$K$16,0),2) -> 0 | E22: =INDEX($B$13:$I$16,MATCH(LARGE($K$13:$K$16,4),$K$13:$K$16,0),3) -> 0 | F22: =INDEX($B$13:$I$16,MATCH(LARGE($K$13:$K$16,4),$K$13:$K$16,0),4) -> 0 | G22: =INDEX($B$13:$I$16,MATCH(LARGE($K$13:$K$16,4),$K$13:$K$16,0),5) -> 0 | H22: =INDEX($B$13:$I$16,MATCH(LARGE($K$13:$K$16,4),$K$13:$K$16,0),6) -> 0 | I22: =INDEX($B$13:$I$16,MATCH(LARGE($K$13:$K$16,4),$K$13:$K$16,0),7) -> 0 | J22: =INDEX($B$13:$I$16,MATCH(LARGE($K$13:$K$16,4),$K$13:$K$16,0),8) -> 0 | K22: ="Eliminado" -> Eliminado

Sheet Grupo G
A1: Grupo G
A3: Partidos | B3: (las celdas amarillas son editables)
A4: Fecha | B4: Hora (ARG) | C4: Local | D4: Goles | F4: Goles | G4: Visitante | H4: Resultado | I4: Sede
A5: 2026-06-15 | B5: 16:00 | C5: Belgica | E5: - | G5: Egipto | H5: =IF(OR(D5="",F5=""),"",IF(D5>F5,"L",IF(D5<F5,"V","E"))) | I5: Lumen Field, Seattle
A6: 2026-06-15 | B6: 22:00 | C6: Iran | E6: - | G6: Nueva Zelanda | H6: =IF(OR(D6="",F6=""),"",IF(D6>F6,"L",IF(D6<F6,"V","E"))) | I6: SoFi Stadium, Inglewood
A7: 2026-06-21 | B7: 16:00 | C7: Belgica | E7: - | G7: Iran | H7: =IF(OR(D7="",F7=""),"",IF(D7>F7,"L",IF(D7<F7,"V","E"))) | I7: SoFi Stadium, Inglewood
A8: 2026-06-21 | B8: 22:00 | C8: Nueva Zelanda | E8: - | G8: Egipto | H8: =IF(OR(D8="",F8=""),"",IF(D8>F8,"L",IF(D8<F8,"V","E"))) | I8: BC Place, Vancouver
A9: 2026-06-27 | B9: 00:00 | C9: Egipto | E9: - | G9: Iran | H9: =IF(OR(D9="",F9=""),"",IF(D9>F9,"L",IF(D9<F9,"V","E"))) | I9: Lumen Field, Seattle
A10: 2026-06-27 | B10: 00:00 | C10: Nueva Zelanda | E10: - | G10: Belgica | H10: =IF(OR(D10="",F10=""),"",IF(D10>F10,"L",IF(D10<F10,"V","E"))) | I10: BC Place, Vancouver
A11: Tabla (no ordenada)
A12: Equipo | B12: PJ | C12: PG | D12: PE | E12: PP | F12: GF | G12: GC | H12: DG | I12: Pts | K12: Score
A13: Belgica | B13: =SUMPRODUCT((($C$5:$C$10="Belgica")+($G$5:$G$10="Belgica"))*($D$5:$D$10<>"")*($F$5:$F$10<>"")) -> 0 | C13: =SUMPRODUCT(($D$5:$D$10<>"")*($F$5:$F$10<>"")*((($C$5:$C$10="Belgica")*(($D$5:$D$10)>($F$5:$F$10)))+(($G$5:$G$10="Belgica")*(($F$5:$F$10)>($D$5:$D$10))))) -> 0 | D13: =SUMPRODUCT(($D$5:$D$10<>"")*($F$5:$F$10<>"")*(($C$5:$C$10="Belgica")+($G$5:$G$10="Belgica"))*(($D$5:$D$10)=($F$5:$F$10))) -> 0 | E13: =SUMPRODUCT(($D$5:$D$10<>"")*($F$5:$F$10<>"")*((($C$5:$C$10="Belgica")*(($D$5:$D$10)<($F$5:$F$10)))+(($G$5:$G$10="Belgica")*(($F$5:$F$10)<($D$5:$D$10))))) -> 0 | F13: =SUMPRODUCT(($D$5:$D$10<>"")*($F$5:$F$10<>"")*((($C$5:$C$10="Belgica")*($D$5:$D$10))+(($G$5:$G$10="Belgica")*($F$5:$F$10)))) -> 0 | G13: =SUMPRODUCT(($D$5:$D$10<>"")*($F$5:$F$10<>"")*((($C$5:$C$10="Belgica")*($F$5:$F$10))+(($G$5:$G$10="Belgica")*($D$5:$D$10)))) -> 0 | H13: =F13-G13 -> 0 | I13: =C13*3+D13 -> 0 | K13: =I13*1000000000+H13*1000000+F13*1000+(4) -> 4
A14: Egipto | B14: =SUMPRODUCT((($C$5:$C$10="Egipto")+($G$5:$G$10="Egipto"))*($D$5:$D$10<>"")*($F$5:$F$10<>"")) -> 0 | C14: =SUMPRODUCT(($D$5:$D$10<>"")*($F$5:$F$10<>"")*((($C$5:$C$10="Egipto")*(($D$5:$D$10)>($F$5:$F$10)))+(($G$5:$G$10="Egipto")*(($F$5:$F$10)>($D$5:$D$10))))) -> 0 | D14: =SUMPRODUCT(($D$5:$D$10<>"")*($F$5:$F$10<>"")*(($C$5:$C$10="Egipto")+($G$5:$G$10="Egipto"))*(($D$5:$D$10)=($F$5:$F$10))) -> 0 | E14: =SUMPRODUCT(($D$5:$D$10<>"")*($F$5:$F$10<>"")*((($C$5:$C$10="Egipto")*(($D$5:$D$10)<($F$5:$F$10)))+(($G$5:$G$10="Egipto")*(($F$5:$F$10)<($D$5:$D$10))))) -> 0 | F14: =SUMPRODUCT(($D$5:$D$10<>"")*($F$5:$F$10<>"")*((($C$5:$C$10="Egipto")*($D$5:$D$10))+(($G$5:$G$10="Egipto")*($F$5:$F$10)))) -> 0 | G14: =SUMPRODUCT(($D$5:$D$10<>"")*($F$5:$F$10<>"")*((($C$5:$C$10="Egipto")*($F$5:$F$10))+(($G$5:$G$10="Egipto")*($D$5:$D$10)))) -> 0 | H14: =F14-G14 -> 0 | I14: =C14*3+D14 -> 0 | K14: =I14*1000000000+H14*1000000+F14*1000+(3) -> 3
A15: Iran | B15: =SUMPRODUCT((($C$5:$C$10="Iran")+($G$5:$G$10="Iran"))*($D$5:$D$10<>"")*($F$5:$F$10<>"")) -> 0 | C15: =SUMPRODUCT(($D$5:$D$10<>"")*($F$5:$F$10<>"")*((($C$5:$C$10="Iran")*(($D$5:$D$10)>($F$5:$F$10)))+(($G$5:$G$10="Iran")*(($F$5:$F$10)>($D$5:$D$10))))) -> 0 | D15: =SUMPRODUCT(($D$5:$D$10<>"")*($F$5:$F$10<>"")*(($C$5:$C$10="Iran")+($G$5:$G$10="Iran"))*(($D$5:$D$10)=($F$5:$F$10))) -> 0 | E15: =SUMPRODUCT(($D$5:$D$10<>"")*($F$5:$F$10<>"")*((($C$5:$C$10="Iran")*(($D$5:$D$10)<($F$5:$F$10)))+(($G$5:$G$10="Iran")*(($F$5:$F$10)<($D$5:$D$10))))) -> 0 | F15: =SUMPRODUCT(($D$5:$D$10<>"")*($F$5:$F$10<>"")*((($C$5:$C$10="Iran")*($D$5:$D$10))+(($G$5:$G$10="Iran")*($F$5:$F$10)))) -> 0 | G15: =SUMPRODUCT(($D$5:$D$10<>"")*($F$5:$F$10<>"")*((($C$5:$C$10="Iran")*($F$5:$F$10))+(($G$5:$G$10="Iran")*($D$5:$D$10)))) -> 0 | H15: =F15-G15 -> 0 | I15: =C15*3+D15 -> 0 | K15: =I15*1000000000+H15*1000000+F15*1000+(2) -> 2
A16: Nueva Zelanda | B16: =SUMPRODUCT((($C$5:$C$10="Nueva Zelanda")+($G$5:$G$10="Nueva Zelanda"))*($D$5:$D$10<>"")*($F$5:$F$10<>"")) -> 0 | C16: =SUMPRODUCT(($D$5:$D$10<>"")*($F$5:$F$10<>"")*((($C$5:$C$10="Nueva Zelanda")*(($D$5:$D$10)>($F$5:$F$10)))+(($G$5:$G$10="Nueva Zelanda")*(($F$5:$F$10)>($D$5:$D$10))))) -> 0 | D16: =SUMPRODUCT(($D$5:$D$10<>"")*($F$5:$F$10<>"")*(($C$5:$C$10="Nueva Zelanda")+($G$5:$G$10="Nueva Zelanda"))*(($D$5:$D$10)=($F$5:$F$10))) -> 0 | E16: =SUMPRODUCT(($D$5:$D$10<>"")*($F$5:$F$10<>"")*((($C$5:$C$10="Nueva Zelanda")*(($D$5:$D$10)<($F$5:$F$10)))+(($G$5:$G$10="Nueva Zelanda")*(($F$5:$F$10)<($D$5:$D$10))))) -> 0 | F16: =SUMPRODUCT(($D$5:$D$10<>"")*($F$5:$F$10<>"")*((($C$5:$C$10="Nueva Zelanda")*($D$5:$D$10))+(($G$5:$G$10="Nueva Zelanda")*($F$5:$F$10)))) -> 0 | G16: =SUMPRODUCT(($D$5:$D$10<>"")*($F$5:$F$10<>"")*((($C$5:$C$10="Nueva Zelanda")*($F$5:$F$10))+(($G$5:$G$10="Nueva Zelanda")*($D$5:$D$10)))) -> 0 | H16: =F16-G16 -> 0 | I16: =C16*3+D16 -> 0 | K16: =I16*1000000000+H16*1000000+F16*1000+(1) -> 1
A17: Tabla de posiciones (en vivo)
A18: # | B18: Equipo | C18: PJ | D18: PG | E18: PE | F18: PP | G18: GF | H18: GC | I18: DG | J18: Pts | K18: Estado
A19: 1 | B19: =INDEX($A$13:$A$16,MATCH(LARGE($K$13:$K$16,1),$K$13:$K$16,0)) -> Belgica | C19: =INDEX($B$13:$I$16,MATCH(LARGE($K$13:$K$16,1),$K$13:$K$16,0),1) -> 0 | D19: =INDEX($B$13:$I$16,MATCH(LARGE($K$13:$K$16,1),$K$13:$K$16,0),2) -> 0 | E19: =INDEX($B$13:$I$16,MATCH(LARGE($K$13:$K$16,1),$K$13:$K$16,0),3) -> 0 | F19: =INDEX($B$13:$I$16,MATCH(LARGE($K$13:$K$16,1),$K$13:$K$16,0),4) -> 0 | G19: =INDEX($B$13:$I$16,MATCH(LARGE($K$13:$K$16,1),$K$13:$K$16,0),5) -> 0 | H19: =INDEX($B$13:$I$16,MATCH(LARGE($K$13:$K$16,1),$K$13:$K$16,0),6) -> 0 | I19: =INDEX($B$13:$I$16,MATCH(LARGE($K$13:$K$16,1),$K$13:$K$16,0),7) -> 0 | J19: =INDEX($B$13:$I$16,MATCH(LARGE($K$13:$K$16,1),$K$13:$K$16,0),8) -> 0 | K19: ="Clasificado 1ro" -> Clasificado 1ro
A20: 2 | B20: =INDEX($A$13:$A$16,MATCH(LARGE($K$13:$K$16,2),$K$13:$K$16,0)) -> Egipto | C20: =INDEX($B$13:$I$16,MATCH(LARGE($K$13:$K$16,2),$K$13:$K$16,0),1) -> 0 | D20: =INDEX($B$13:$I$16,MATCH(LARGE($K$13:$K$16,2),$K$13:$K$16,0),2) -> 0 | E20: =INDEX($B$13:$I$16,MATCH(LARGE($K$13:$K$16,2),$K$13:$K$16,0),3) -> 0 | F20: =INDEX($B$13:$I$16,MATCH(LARGE($K$13:$K$16,2),$K$13:$K$16,0),4) -> 0 | G20: =INDEX($B$13:$I$16,MATCH(LARGE($K$13:$K$16,2),$K$13:$K$16,0),5) -> 0 | H20: =INDEX($B$13:$I$16,MATCH(LARGE($K$13:$K$16,2),$K$13:$K$16,0),6) -> 0 | I20: =INDEX($B$13:$I$16,MATCH(LARGE($K$13:$K$16,2),$K$13:$K$16,0),7) -> 0 | J20: =INDEX($B$13:$I$16,MATCH(LARGE($K$13:$K$16,2),$K$13:$K$16,0),8) -> 0 | K20: ="Clasificado 2do" -> Clasificado 2do
A21: 3 | B21: =INDEX($A$13:$A$16,MATCH(LARGE($K$13:$K$16,3),$K$13:$K$16,0)) -> Iran | C21: =INDEX($B$13:$I$16,MATCH(LARGE($K$13:$K$16,3),$K$13:$K$16,0),1) -> 0 | D21: =INDEX($B$13:$I$16,MATCH(LARGE($K$13:$K$16,3),$K$13:$K$16,0),2) -> 0 | E21: =INDEX($B$13:$I$16,MATCH(LARGE($K$13:$K$16,3),$K$13:$K$16,0),3) -> 0 | F21: =INDEX($B$13:$I$16,MATCH(LARGE($K$13:$K$16,3),$K$13:$K$16,0),4) -> 0 | G21: =INDEX($B$13:$I$16,MATCH(LARGE($K$13:$K$16,3),$K$13:$K$16,0),5) -> 0 | H21: =INDEX($B$13:$I$16,MATCH(LARGE($K$13:$K$16,3),$K$13:$K$16,0),6) -> 0 | I21: =INDEX($B$13:$I$16,MATCH(LARGE($K$13:$K$16,3),$K$13:$K$16,0),7) -> 0 | J21: =INDEX($B$13:$I$16,MATCH(LARGE($K$13:$K$16,3),$K$13:$K$16,0),8) -> 0 | K21: ="3ro (puede avanzar)" -> 3ro (puede avanzar)
A22: 4 | B22: =INDEX($A$13:$A$16,MATCH(LARGE($K$13:$K$16,4),$K$13:$K$16,0)) -> Nueva Zelanda | C22: =INDEX($B$13:$I$16,MATCH(LARGE($K$13:$K$16,4),$K$13:$K$16,0),1) -> 0 | D22: =INDEX($B$13:$I$16,MATCH(LARGE($K$13:$K$16,4),$K$13:$K$16,0),2) -> 0 | E22: =INDEX($B$13:$I$16,MATCH(LARGE($K$13:$K$16,4),$K$13:$K$16,0),3) -> 0 | F22: =INDEX($B$13:$I$16,MATCH(LARGE($K$13:$K$16,4),$K$13:$K$16,0),4) -> 0 | G22: =INDEX($B$13:$I$16,MATCH(LARGE($K$13:$K$16,4),$K$13:$K$16,0),5) -> 0 | H22: =INDEX($B$13:$I$16,MATCH(LARGE($K$13:$K$16,4),$K$13:$K$16,0),6) -> 0 | I22: =INDEX($B$13:$I$16,MATCH(LARGE($K$13:$K$16,4),$K$13:$K$16,0),7) -> 0 | J22: =INDEX($B$13:$I$16,MATCH(LARGE($K$13:$K$16,4),$K$13:$K$16,0),8) -> 0 | K22: ="Eliminado" -> Eliminado

Sheet Grupo H
A1: Grupo H
A3: Partidos | B3: (las celdas amarillas son editables)
A4: Fecha | B4: Hora (ARG) | C4: Local | D4: Goles | F4: Goles | G4: Visitante | H4: Resultado | I4: Sede
A5: 2026-06-15 | B5: 13:00 | C5: España | E5: - | G5: Cabo Verde | H5: =IF(OR(D5="",F5=""),"",IF(D5>F5,"L",IF(D5<F5,"V","E"))) | I5: Mercedes-Benz Stadium, Atlanta
A6: 2026-06-15 | B6: 19:00 | C6: Arabia Saudita | E6: - | G6: Uruguay | H6: =IF(OR(D6="",F6=""),"",IF(D6>F6,"L",IF(D6<F6,"V","E"))) | I6: Hard Rock Stadium, Miami
A7: 2026-06-21 | B7: 13:00 | C7: España | E7: - | G7: Arabia Saudita | H7: =IF(OR(D7="",F7=""),"",IF(D7>F7,"L",IF(D7<F7,"V","E"))) | I7: Mercedes-Benz Stadium, Atlanta
A8: 2026-06-21 | B8: 19:00 | C8: Uruguay | E8: - | G8: Cabo Verde | H8: =IF(OR(D8="",F8=""),"",IF(D8>F8,"L",IF(D8<F8,"V","E"))) | I8: Hard Rock Stadium, Miami
A9: 2026-06-26 | B9: 21:00 | C9: Cabo Verde | E9: - | G9: Arabia Saudita | H9: =IF(OR(D9="",F9=""),"",IF(D9>F9,"L",IF(D9<F9,"V","E"))) | I9: NRG Stadium, Houston
A10: 2026-06-26 | B10: 21:00 | C10: Uruguay | E10: - | G10: España | H10: =IF(OR(D10="",F10=""),"",IF(D10>F10,"L",IF(D10<F10,"V","E"))) | I10: Estadio Akron, Guadalajara
A11: Tabla (no ordenada)
A12: Equipo | B12: PJ | C12: PG | D12: PE | E12: PP | F12: GF | G12: GC | H12: DG | I12: Pts | K12: Score
A13: España | B13: =SUMPRODUCT((($C$5:$C$10="España")+($G$5:$G$10="España"))*($D$5:$D$10<>"")*($F$5:$F$10<>"")) -> 0 | C13: =SUMPRODUCT(($D$5:$D$10<>"")*($F$5:$F$10<>"")*((($C$5:$C$10="España")*(($D$5:$D$10)>($F$5:$F$10)))+(($G$5:$G$10="España")*(($F$5:$F$10)>($D$5:$D$10))))) -> 0 | D13: =SUMPRODUCT(($D$5:$D$10<>"")*($F$5:$F$10<>"")*(($C$5:$C$10="España")+($G$5:$G$10="España"))*(($D$5:$D$10)=($F$5:$F$10))) -> 0 | E13: =SUMPRODUCT(($D$5:$D$10<>"")*($F$5:$F$10<>"")*((($C$5:$C$10="España")*(($D$5:$D$10)<($F$5:$F$10)))+(($G$5:$G$10="España")*(($F$5:$F$10)<($D$5:$D$10))))) -> 0 | F13: =SUMPRODUCT(($D$5:$D$10<>"")*($F$5:$F$10<>"")*((($C$5:$C$10="España")*($D$5:$D$10))+(($G$5:$G$10="España")*($F$5:$F$10)))) -> 0 | G13: =SUMPRODUCT(($D$5:$D$10<>"")*($F$5:$F$10<>"")*((($C$5:$C$10="España")*($F$5:$F$10))+(($G$5:$G$10="España")*($D$5:$D$10)))) -> 0 | H13: =F13-G13 -> 0 | I13: =C13*3+D13 -> 0 | K13: =I13*1000000000+H13*1000000+F13*1000+(4) -> 4
A14: Cabo Verde | B14: =SUMPRODUCT((($C$5:$C$10="Cabo Verde")+($G$5:$G$10="Cabo Verde"))*($D$5:$D$10<>"")*($F$5:$F$10<>"")) -> 0 | C14: =SUMPRODUCT(($D$5:$D$10<>"")*($F$5:$F$10<>"")*((($C$5:$C$10="Cabo Verde")*(($D$5:$D$10)>($F$5:$F$10)))+(($G$5:$G$10="Cabo Verde")*(($F$5:$F$10)>($D$5:$D$10))))) -> 0 | D14: =SUMPRODUCT(($D$5:$D$10<>"")*($F$5:$F$10<>"")*(($C$5:$C$10="Cabo Verde")+($G$5:$G$10="Cabo Verde"))*(($D$5:$D$10)=($F$5:$F$10))) -> 0 | E14: =SUMPRODUCT(($D$5:$D$10<>"")*($F$5:$F$10<>"")*((($C$5:$C$10="Cabo Verde")*(($D$5:$D$10)<($F$5:$F$10)))+(($G$5:$G$10="Cabo Verde")*(($F$5:$F$10)<($D$5:$D$10))))) -> 0 | F14: =SUMPRODUCT(($D$5:$D$10<>"")*($F$5:$F$10<>"")*((($C$5:$C$10="Cabo Verde")*($D$5:$D$10))+(($G$5:$G$10="Cabo Verde")*($F$5:$F$10)))) -> 0 | G14: =SUMPRODUCT(($D$5:$D$10<>"")*($F$5:$F$10<>"")*((($C$5:$C$10="Cabo Verde")*($F$5:$F$10))+(($G$5:$G$10="Cabo Verde")*($D$5:$D$10)))) -> 0 | H14: =F14-G14 -> 0 | I14: =C14*3+D14 -> 0 | K14: =I14*1000000000+H14*1000000+F14*1000+(3) -> 3
A15: Arabia Saudita | B15: =SUMPRODUCT((($C$5:$C$10="Arabia Saudita")+($G$5:$G$10="Arabia Saudita"))*($D$5:$D$10<>"")*($F$5:$F$10<>"")) -> 0 | C15: =SUMPRODUCT(($D$5:$D$10<>"")*($F$5:$F$10<>"")*((($C$5:$C$10="Arabia Saudita")*(($D$5:$D$10)>($F$5:$F$10)))+(($G$5:$G$10="Arabia Saudita")*(($F$5:$F$10)>($D$5:$D$10))))) -> 0 | D15: =SUMPRODUCT(($D$5:$D$10<>"")*($F$5:$F$10<>"")*(($C$5:$C$10="Arabia Saudita")+($G$5:$G$10="Arabia Saudita"))*(($D$5:$D$10)=($F$5:$F$10))) -> 0 | E15: =SUMPRODUCT(($D$5:$D$10<>"")*($F$5:$F$10<>"")*((($C$5:$C$10="Arabia Saudita")*(($D$5:$D$10)<($F$5:$F$10)))+(($G$5:$G$10="Arabia Saudita")*(($F$5:$F$10)<($D$5:$D$10))))) -> 0 | F15: =SUMPRODUCT(($D$5:$D$10<>"")*($F$5:$F$10<>"")*((($C$5:$C$10="Arabia Saudita")*($D$5:$D$10))+(($G$5:$G$10="Arabia Saudita")*($F$5:$F$10)))) -> 0 | G15: =SUMPRODUCT(($D$5:$D$10<>"")*($F$5:$F$10<>"")*((($C$5:$C$10="Arabia Saudita")*($F$5:$F$10))+(($G$5:$G$10="Arabia Saudita")*($D$5:$D$10)))) -> 0 | H15: =F15-G15 -> 0 | I15: =C15*3+D15 -> 0 | K15: =I15*1000000000+H15*1000000+F15*1000+(2) -> 2
A16: Uruguay | B16: =SUMPRODUCT((($C$5:$C$10="Uruguay")+($G$5:$G$10="Uruguay"))*($D$5:$D$10<>"")*($F$5:$F$10<>"")) -> 0 | C16: =SUMPRODUCT(($D$5:$D$10<>"")*($F$5:$F$10<>"")*((($C$5:$C$10="Uruguay")*(($D$5:$D$10)>($F$5:$F$10)))+(($G$5:$G$10="Uruguay")*(($F$5:$F$10)>($D$5:$D$10))))) -> 0 | D16: =SUMPRODUCT(($D$5:$D$10<>"")*($F$5:$F$10<>"")*(($C$5:$C$10="Uruguay")+($G$5:$G$10="Uruguay"))*(($D$5:$D$10)=($F$5:$F$10))) -> 0 | E16: =SUMPRODUCT(($D$5:$D$10<>"")*($F$5:$F$10<>"")*((($C$5:$C$10="Uruguay")*(($D$5:$D$10)<($F$5:$F$10)))+(($G$5:$G$10="Uruguay")*(($F$5:$F$10)<($D$5:$D$10))))) -> 0 | F16: =SUMPRODUCT(($D$5:$D$10<>"")*($F$5:$F$10<>"")*((($C$5:$C$10="Uruguay")*($D$5:$D$10))+(($G$5:$G$10="Uruguay")*($F$5:$F$10)))) -> 0 | G16: =SUMPRODUCT(($D$5:$D$10<>"")*($F$5:$F$10<>"")*((($C$5:$C$10="Uruguay")*($F$5:$F$10))+(($G$5:$G$10="Uruguay")*($D$5:$D$10)))) -> 0 | H16: =F16-G16 -> 0 | I16: =C16*3+D16 -> 0 | K16: =I16*1000000000+H16*1000000+F16*1000+(1) -> 1
A17: Tabla de posiciones (en vivo)
A18: # | B18: Equipo | C18: PJ | D18: PG | E18: PE | F18: PP | G18: GF | H18: GC | I18: DG | J18: Pts | K18: Estado
A19: 1 | B19: =INDEX($A$13:$A$16,MATCH(LARGE($K$13:$K$16,1),$K$13:$K$16,0)) -> España | C19: =INDEX($B$13:$I$16,MATCH(LARGE($K$13:$K$16,1),$K$13:$K$16,0),1) -> 0 | D19: =INDEX($B$13:$I$16,MATCH(LARGE($K$13:$K$16,1),$K$13:$K$16,0),2) -> 0 | E19: =INDEX($B$13:$I$16,MATCH(LARGE($K$13:$K$16,1),$K$13:$K$16,0),3) -> 0 | F19: =INDEX($B$13:$I$16,MATCH(LARGE($K$13:$K$16,1),$K$13:$K$16,0),4) -> 0 | G19: =INDEX($B$13:$I$16,MATCH(LARGE($K$13:$K$16,1),$K$13:$K$16,0),5) -> 0 | H19: =INDEX($B$13:$I$16,MATCH(LARGE($K$13:$K$16,1),$K$13:$K$16,0),6) -> 0 | I19: =INDEX($B$13:$I$16,MATCH(LARGE($K$13:$K$16,1),$K$13:$K$16,0),7) -> 0 | J19: =INDEX($B$13:$I$16,MATCH(LARGE($K$13:$K$16,1),$K$13:$K$16,0),8) -> 0 | K19: ="Clasificado 1ro" -> Clasificado 1ro
A20: 2 | B20: =INDEX($A$13:$A$16,MATCH(LARGE($K$13:$K$16,2),$K$13:$K$16,0)) -> Cabo Verde | C20: =INDEX($B$13:$I$16,MATCH(LARGE($K$13:$K$16,2),$K$13:$K$16,0),1) -> 0 | D20: =INDEX($B$13:$I$16,MATCH(LARGE($K$13:$K$16,2),$K$13:$K$16,0),2) -> 0 | E20: =INDEX($B$13:$I$16,MATCH(LARGE($K$13:$K$16,2),$K$13:$K$16,0),3) -> 0 | F20: =INDEX($B$13:$I$16,MATCH(LARGE($K$13:$K$16,2),$K$13:$K$16,0),4) -> 0 | G20: =INDEX($B$13:$I$16,MATCH(LARGE($K$13:$K$16,2),$K$13:$K$16,0),5) -> 0 | H20: =INDEX($B$13:$I$16,MATCH(LARGE($K$13:$K$16,2),$K$13:$K$16,0),6) -> 0 | I20: =INDEX($B$13:$I$16,MATCH(LARGE($K$13:$K$16,2),$K$13:$K$16,0),7) -> 0 | J20: =INDEX($B$13:$I$16,MATCH(LARGE($K$13:$K$16,2),$K$13:$K$16,0),8) -> 0 | K20: ="Clasificado 2do" -> Clasificado 2do
A21: 3 | B21: =INDEX($A$13:$A$16,MATCH(LARGE($K$13:$K$16,3),$K$13:$K$16,0)) -> Arabia Saudita | C21: =INDEX($B$13:$I$16,MATCH(LARGE($K$13:$K$16,3),$K$13:$K$16,0),1) -> 0 | D21: =INDEX($B$13:$I$16,MATCH(LARGE($K$13:$K$16,3),$K$13:$K$16,0),2) -> 0 | E21: =INDEX($B$13:$I$16,MATCH(LARGE($K$13:$K$16,3),$K$13:$K$16,0),3) -> 0 | F21: =INDEX($B$13:$I$16,MATCH(LARGE($K$13:$K$16,3),$K$13:$K$16,0),4) -> 0 | G21: =INDEX($B$13:$I$16,MATCH(LARGE($K$13:$K$16,3),$K$13:$K$16,0),5) -> 0 | H21: =INDEX($B$13:$I$16,MATCH(LARGE($K$13:$K$16,3),$K$13:$K$16,0),6) -> 0 | I21: =INDEX($B$13:$I$16,MATCH(LARGE($K$13:$K$16,3),$K$13:$K$16,0),7) -> 0 | J21: =INDEX($B$13:$I$16,MATCH(LARGE($K$13:$K$16,3),$K$13:$K$16,0),8) -> 0 | K21: ="3ro (puede avanzar)" -> 3ro (puede avanzar)
A22: 4 | B22: =INDEX($A$13:$A$16,MATCH(LARGE($K$13:$K$16,4),$K$13:$K$16,0)) -> Uruguay | C22: =INDEX($B$13:$I$16,MATCH(LARGE($K$13:$K$16,4),$K$13:$K$16,0),1) -> 0 | D22: =INDEX($B$13:$I$16,MATCH(LARGE($K$13:$K$16,4),$K$13:$K$16,0),2) -> 0 | E22: =INDEX($B$13:$I$16,MATCH(LARGE($K$13:$K$16,4),$K$13:$K$16,0),3) -> 0 | F22: =INDEX($B$13:$I$16,MATCH(LARGE($K$13:$K$16,4),$K$13:$K$16,0),4) -> 0 | G22: =INDEX($B$13:$I$16,MATCH(LARGE($K$13:$K$16,4),$K$13:$K$16,0),5) -> 0 | H22: =INDEX($B$13:$I$16,MATCH(LARGE($K$13:$K$16,4),$K$13:$K$16,0),6) -> 0 | I22: =INDEX($B$13:$I$16,MATCH(LARGE($K$13:$K$16,4),$K$13:$K$16,0),7) -> 0 | J22: =INDEX($B$13:$I$16,MATCH(LARGE($K$13:$K$16,4),$K$13:$K$16,0),8) -> 0 | K22: ="Eliminado" -> Eliminado

Sheet Grupo I
A1: Grupo I
A3: Partidos | B3: (las celdas amarillas son editables)
A4: Fecha | B4: Hora (ARG) | C4: Local | D4: Goles | F4: Goles | G4: Visitante | H4: Resultado | I4: Sede
A5: 2026-06-16 | B5: 16:00 | C5: Francia | E5: - | G5: Senegal | H5: =IF(OR(D5="",F5=""),"",IF(D5>F5,"L",IF(D5<F5,"V","E"))) | I5: MetLife Stadium, East Rutherford
A6: 2026-06-16 | B6: 19:00 | C6: Irak | E6: - | G6: Noruega | H6: =IF(OR(D6="",F6=""),"",IF(D6>F6,"L",IF(D6<F6,"V","E"))) | I6: Gillette Stadium, Foxboro
A7: 2026-06-22 | B7: 18:00 | C7: Francia | E7: - | G7: Irak | H7: =IF(OR(D7="",F7=""),"",IF(D7>F7,"L",IF(D7<F7,"V","E"))) | I7: Lincoln Financial Field, Philadelphia
A8: 2026-06-22 | B8: 21:00 | C8: Noruega | E8: - | G8: Senegal | H8: =IF(OR(D8="",F8=""),"",IF(D8>F8,"L",IF(D8<F8,"V","E"))) | I8: MetLife Stadium, East Rutherford
A9: 2026-06-26 | B9: 16:00 | C9: Noruega | E9: - | G9: Francia | H9: =IF(OR(D9="",F9=""),"",IF(D9>F9,"L",IF(D9<F9,"V","E"))) | I9: Gillette Stadium, Foxboro
A10: 2026-06-26 | B10: 16:00 | C10: Senegal | E10: - | G10: Irak | H10: =IF(OR(D10="",F10=""),"",IF(D10>F10,"L",IF(D10<F10,"V","E"))) | I10: BMO Field, Toronto
A11: Tabla (no ordenada)
A12: Equipo | B12: PJ | C12: PG | D12: PE | E12: PP | F12: GF | G12: GC | H12: DG | I12: Pts | K12: Score
A13: Francia | B13: =SUMPRODUCT((($C$5:$C$10="Francia")+($G$5:$G$10="Francia"))*($D$5:$D$10<>"")*($F$5:$F$10<>"")) -> 0 | C13: =SUMPRODUCT(($D$5:$D$10<>"")*($F$5:$F$10<>"")*((($C$5:$C$10="Francia")*(($D$5:$D$10)>($F$5:$F$10)))+(($G$5:$G$10="Francia")*(($F$5:$F$10)>($D$5:$D$10))))) -> 0 | D13: =SUMPRODUCT(($D$5:$D$10<>"")*($F$5:$F$10<>"")*(($C$5:$C$10="Francia")+($G$5:$G$10="Francia"))*(($D$5:$D$10)=($F$5:$F$10))) -> 0 | E13: =SUMPRODUCT(($D$5:$D$10<>"")*($F$5:$F$10<>"")*((($C$5:$C$10="Francia")*(($D$5:$D$10)<($F$5:$F$10)))+(($G$5:$G$10="Francia")*(($F$5:$F$10)<($D$5:$D$10))))) -> 0 | F13: =SUMPRODUCT(($D$5:$D$10<>"")*($F$5:$F$10<>"")*((($C$5:$C$10="Francia")*($D$5:$D$10))+(($G$5:$G$10="Francia")*($F$5:$F$10)))) -> 0 | G13: =SUMPRODUCT(($D$5:$D$10<>"")*($F$5:$F$10<>"")*((($C$5:$C$10="Francia")*($F$5:$F$10))+(($G$5:$G$10="Francia")*($D$5:$D$10)))) -> 0 | H13: =F13-G13 -> 0 | I13: =C13*3+D13 -> 0 | K13: =I13*1000000000+H13*1000000+F13*1000+(4) -> 4
A14: Senegal | B14: =SUMPRODUCT((($C$5:$C$10="Senegal")+($G$5:$G$10="Senegal"))*($D$5:$D$10<>"")*($F$5:$F$10<>"")) -> 0 | C14: =SUMPRODUCT(($D$5:$D$10<>"")*($F$5:$F$10<>"")*((($C$5:$C$10="Senegal")*(($D$5:$D$10)>($F$5:$F$10)))+(($G$5:$G$10="Senegal")*(($F$5:$F$10)>($D$5:$D$10))))) -> 0 | D14: =SUMPRODUCT(($D$5:$D$10<>"")*($F$5:$F$10<>"")*(($C$5:$C$10="Senegal")+($G$5:$G$10="Senegal"))*(($D$5:$D$10)=($F$5:$F$10))) -> 0 | E14: =SUMPRODUCT(($D$5:$D$10<>"")*($F$5:$F$10<>"")*((($C$5:$C$10="Senegal")*(($D$5:$D$10)<($F$5:$F$10)))+(($G$5:$G$10="Senegal")*(($F$5:$F$10)<($D$5:$D$10))))) -> 0 | F14: =SUMPRODUCT(($D$5:$D$10<>"")*($F$5:$F$10<>"")*((($C$5:$C$10="Senegal")*($D$5:$D$10))+(($G$5:$G$10="Senegal")*($F$5:$F$10)))) -> 0 | G14: =SUMPRODUCT(($D$5:$D$10<>"")*($F$5:$F$10<>"")*((($C$5:$C$10="Senegal")*($F$5:$F$10))+(($G$5:$G$10="Senegal")*($D$5:$D$10)))) -> 0 | H14: =F14-G14 -> 0 | I14: =C14*3+D14 -> 0 | K14: =I14*1000000000+H14*1000000+F14*1000+(3) -> 3
A15: Irak | B15: =SUMPRODUCT((($C$5:$C$10="Irak")+($G$5:$G$10="Irak"))*($D$5:$D$10<>"")*($F$5:$F$10<>"")) -> 0 | C15: =SUMPRODUCT(($D$5:$D$10<>"")*($F$5:$F$10<>"")*((($C$5:$C$10="Irak")*(($D$5:$D$10)>($F$5:$F$10)))+(($G$5:$G$10="Irak")*(($F$5:$F$10)>($D$5:$D$10))))) -> 0 | D15: =SUMPRODUCT(($D$5:$D$10<>"")*($F$5:$F$10<>"")*(($C$5:$C$10="Irak")+($G$5:$G$10="Irak"))*(($D$5:$D$10)=($F$5:$F$10))) -> 0 | E15: =SUMPRODUCT(($D$5:$D$10<>"")*($F$5:$F$10<>"")*((($C$5:$C$10="Irak")*(($D$5:$D$10)<($F$5:$F$10)))+(($G$5:$G$10="Irak")*(($F$5:$F$10)<($D$5:$D$10))))) -> 0 | F15: =SUMPRODUCT(($D$5:$D$10<>"")*($F$5:$F$10<>"")*((($C$5:$C$10="Irak")*($D$5:$D$10))+(($G$5:$G$10="Irak")*($F$5:$F$10)))) -> 0 | G15: =SUMPRODUCT(($D$5:$D$10<>"")*($F$5:$F$10<>"")*((($C$5:$C$10="Irak")*($F$5:$F$10))+(($G$5:$G$10="Irak")*($D$5:$D$10)))) -> 0 | H15: =F15-G15 -> 0 | I15: =C15*3+D15 -> 0 | K15: =I15*1000000000+H15*1000000+F15*1000+(2) -> 2
A16: Noruega | B16: =SUMPRODUCT((($C$5:$C$10="Noruega")+($G$5:$G$10="Noruega"))*($D$5:$D$10<>"")*($F$5:$F$10<>"")) -> 0 | C16: =SUMPRODUCT(($D$5:$D$10<>"")*($F$5:$F$10<>"")*((($C$5:$C$10="Noruega")*(($D$5:$D$10)>($F$5:$F$10)))+(($G$5:$G$10="Noruega")*(($F$5:$F$10)>($D$5:$D$10))))) -> 0 | D16: =SUMPRODUCT(($D$5:$D$10<>"")*($F$5:$F$10<>"")*(($C$5:$C$10="Noruega")+($G$5:$G$10="Noruega"))*(($D$5:$D$10)=($F$5:$F$10))) -> 0 | E16: =SUMPRODUCT(($D$5:$D$10<>"")*($F$5:$F$10<>"")*((($C$5:$C$10="Noruega")*(($D$5:$D$10)<($F$5:$F$10)))+(($G$5:$G$10="Noruega")*(($F$5:$F$10)<($D$5:$D$10))))) -> 0 | F16: =SUMPRODUCT(($D$5:$D$10<>"")*($F$5:$F$10<>"")*((($C$5:$C$10="Noruega")*($D$5:$D$10))+(($G$5:$G$10="Noruega")*($F$5:$F$10)))) -> 0 | G16: =SUMPRODUCT(($D$5:$D$10<>"")*($F$5:$F$10<>"")*((($C$5:$C$10="Noruega")*($F$5:$F$10))+(($G$5:$G$10="Noruega")*($D$5:$D$10)))) -> 0 | H16: =F16-G16 -> 0 | I16: =C16*3+D16 -> 0 | K16: =I16*1000000000+H16*1000000+F16*1000+(1) -> 1
A17: Tabla de posiciones (en vivo)
A18: # | B18: Equipo | C18: PJ | D18: PG | E18: PE | F18: PP | G18: GF | H18: GC | I18: DG | J18: Pts | K18: Estado
A19: 1 | B19: =INDEX($A$13:$A$16,MATCH(LARGE($K$13:$K$16,1),$K$13:$K$16,0)) -> Francia | C19: =INDEX($B$13:$I$16,MATCH(LARGE($K$13:$K$16,1),$K$13:$K$16,0),1) -> 0 | D19: =INDEX($B$13:$I$16,MATCH(LARGE($K$13:$K$16,1),$K$13:$K$16,0),2) -> 0 | E19: =INDEX($B$13:$I$16,MATCH(LARGE($K$13:$K$16,1),$K$13:$K$16,0),3) -> 0 | F19: =INDEX($B$13:$I$16,MATCH(LARGE($K$13:$K$16,1),$K$13:$K$16,0),4) -> 0 | G19: =INDEX($B$13:$I$16,MATCH(LARGE($K$13:$K$16,1),$K$13:$K$16,0),5) -> 0 | H19: =INDEX($B$13:$I$16,MATCH(LARGE($K$13:$K$16,1),$K$13:$K$16,0),6) -> 0 | I19: =INDEX($B$13:$I$16,MATCH(LARGE($K$13:$K$16,1),$K$13:$K$16,0),7) -> 0 | J19: =INDEX($B$13:$I$16,MATCH(LARGE($K$13:$K$16,1),$K$13:$K$16,0),8) -> 0 | K19: ="Clasificado 1ro" -> Clasificado 1ro
A20: 2 | B20: =INDEX($A$13:$A$16,MATCH(LARGE($K$13:$K$16,2),$K$13:$K$16,0)) -> Senegal | C20: =INDEX($B$13:$I$16,MATCH(LARGE($K$13:$K$16,2),$K$13:$K$16,0),1) -> 0 | D20: =INDEX($B$13:$I$16,MATCH(LARGE($K$13:$K$16,2),$K$13:$K$16,0),2) -> 0 | E20: =INDEX($B$13:$I$16,MATCH(LARGE($K$13:$K$16,2),$K$13:$K$16,0),3) -> 0 | F20: =INDEX($B$13:$I$16,MATCH(LARGE($K$13:$K$16,2),$K$13:$K$16,0),4) -> 0 | G20: =INDEX($B$13:$I$16,MATCH(LARGE($K$13:$K$16,2),$K$13:$K$16,0),5) -> 0 | H20: =INDEX($B$13:$I$16,MATCH(LARGE($K$13:$K$16,2),$K$13:$K$16,0),6) -> 0 | I20: =INDEX($B$13:$I$16,MATCH(LARGE($K$13:$K$16,2),$K$13:$K$16,0),7) -> 0 | J20: =INDEX($B$13:$I$16,MATCH(LARGE($K$13:$K$16,2),$K$13:$K$16,0),8) -> 0 | K20: ="Clasificado 2do" -> Clasificado 2do
A21: 3 | B21: =INDEX($A$13:$A$16,MATCH(LARGE($K$13:$K$16,3),$K$13:$K$16,0)) -> Irak | C21: =INDEX($B$13:$I$16,MATCH(LARGE($K$13:$K$16,3),$K$13:$K$16,0),1) -> 0 | D21: =INDEX($B$13:$I$16,MATCH(LARGE($K$13:$K$16,3),$K$13:$K$16,0),2) -> 0 | E21: =INDEX($B$13:$I$16,MATCH(LARGE($K$13:$K$16,3),$K$13:$K$16,0),3) -> 0 | F21: =INDEX($B$13:$I$16,MATCH(LARGE($K$13:$K$16,3),$K$13:$K$16,0),4) -> 0 | G21: =INDEX($B$13:$I$16,MATCH(LARGE($K$13:$K$16,3),$K$13:$K$16,0),5) -> 0 | H21: =INDEX($B$13:$I$16,MATCH(LARGE($K$13:$K$16,3),$K$13:$K$16,0),6) -> 0 | I21: =INDEX($B$13:$I$16,MATCH(LARGE($K$13:$K$16,3),$K$13:$K$16,0),7) -> 0 | J21: =INDEX($B$13:$I$16,MATCH(LARGE($K$13:$K$16,3),$K$13:$K$16,0),8) -> 0 | K21: ="3ro (puede avanzar)" -> 3ro (puede avanzar)
A22: 4 | B22: =INDEX($A$13:$A$16,MATCH(LARGE($K$13:$K$16,4),$K$13:$K$16,0)) -> Noruega | C22: =INDEX($B$13:$I$16,MATCH(LARGE($K$13:$K$16,4),$K$13:$K$16,0),1) -> 0 | D22: =INDEX($B$13:$I$16,MATCH(LARGE($K$13:$K$16,4),$K$13:$K$16,0),2) -> 0 | E22: =INDEX($B$13:$I$16,MATCH(LARGE($K$13:$K$16,4),$K$13:$K$16,0),3) -> 0 | F22: =INDEX($B$13:$I$16,MATCH(LARGE($K$13:$K$16,4),$K$13:$K$16,0),4) -> 0 | G22: =INDEX($B$13:$I$16,MATCH(LARGE($K$13:$K$16,4),$K$13:$K$16,0),5) -> 0 | H22: =INDEX($B$13:$I$16,MATCH(LARGE($K$13:$K$16,4),$K$13:$K$16,0),6) -> 0 | I22: =INDEX($B$13:$I$16,MATCH(LARGE($K$13:$K$16,4),$K$13:$K$16,0),7) -> 0 | J22: =INDEX($B$13:$I$16,MATCH(LARGE($K$13:$K$16,4),$K$13:$K$16,0),8) -> 0 | K22: ="Eliminado" -> Eliminado

Sheet Grupo J
A1: Grupo J
A3: Partidos | B3: (las celdas amarillas son editables)
A4: Fecha | B4: Hora (ARG) | C4: Local | D4: Goles | F4: Goles | G4: Visitante | H4: Resultado | I4: Sede
A5: 2026-06-16 | B5: 22:00 | C5: Argentina | E5: - | G5: Argelia | H5: =IF(OR(D5="",F5=""),"",IF(D5>F5,"L",IF(D5<F5,"V","E"))) | I5: Arrowhead Stadium, Kansas City
A6: 2026-06-17 | B6: 01:00 | C6: Austria | E6: - | G6: Jordania | H6: =IF(OR(D6="",F6=""),"",IF(D6>F6,"L",IF(D6<F6,"V","E"))) | I6: Levi's Stadium, Santa Clara
A7: 2026-06-22 | B7: 14:00 | C7: Argentina | E7: - | G7: Austria | H7: =IF(OR(D7="",F7=""),"",IF(D7>F7,"L",IF(D7<F7,"V","E"))) | I7: AT&T Stadium, Arlington
A8: 2026-06-23 | B8: 00:00 | C8: Jordania | E8: - | G8: Argelia | H8: =IF(OR(D8="",F8=""),"",IF(D8>F8,"L",IF(D8<F8,"V","E"))) | I8: Levi's Stadium, Santa Clara
A9: 2026-06-27 | B9: 23:00 | C9: Jordania | E9: - | G9: Argentina | H9: =IF(OR(D9="",F9=""),"",IF(D9>F9,"L",IF(D9<F9,"V","E"))) | I9: AT&T Stadium, Arlington
A10: 2026-06-27 | B10: 23:00 | C10: Argelia | E10: - | G10: Austria | H10: =IF(OR(D10="",F10=""),"",IF(D10>F10,"L",IF(D10<F10,"V","E"))) | I10: Arrowhead Stadium, Kansas City
A11: Tabla (no ordenada)
A12: Equipo | B12: PJ | C12: PG | D12: PE | E12: PP | F12: GF | G12: GC | H12: DG | I12: Pts | K12: Score
A13: Argentina | B13: =SUMPRODUCT((($C$5:$C$10="Argentina")+($G$5:$G$10="Argentina"))*($D$5:$D$10<>"")*($F$5:$F$10<>"")) -> 0 | C13: =SUMPRODUCT(($D$5:$D$10<>"")*($F$5:$F$10<>"")*((($C$5:$C$10="Argentina")*(($D$5:$D$10)>($F$5:$F$10)))+(($G$5:$G$10="Argentina")*(($F$5:$F$10)>($D$5:$D$10))))) -> 0 | D13: =SUMPRODUCT(($D$5:$D$10<>"")*($F$5:$F$10<>"")*(($C$5:$C$10="Argentina")+($G$5:$G$10="Argentina"))*(($D$5:$D$10)=($F$5:$F$10))) -> 0 | E13: =SUMPRODUCT(($D$5:$D$10<>"")*($F$5:$F$10<>"")*((($C$5:$C$10="Argentina")*(($D$5:$D$10)<($F$5:$F$10)))+(($G$5:$G$10="Argentina")*(($F$5:$F$10)<($D$5:$D$10))))) -> 0 | F13: =SUMPRODUCT(($D$5:$D$10<>"")*($F$5:$F$10<>"")*((($C$5:$C$10="Argentina")*($D$5:$D$10))+(($G$5:$G$10="Argentina")*($F$5:$F$10)))) -> 0 | G13: =SUMPRODUCT(($D$5:$D$10<>"")*($F$5:$F$10<>"")*((($C$5:$C$10="Argentina")*($F$5:$F$10))+(($G$5:$G$10="Argentina")*($D$5:$D$10)))) -> 0 | H13: =F13-G13 -> 0 | I13: =C13*3+D13 -> 0 | K13: =I13*1000000000+H13*1000000+F13*1000+(4) -> 4
A14: Argelia | B14: =SUMPRODUCT((($C$5:$C$10="Argelia")+($G$5:$G$10="Argelia"))*($D$5:$D$10<>"")*($F$5:$F$10<>"")) -> 0 | C14: =SUMPRODUCT(($D$5:$D$10<>"")*($F$5:$F$10<>"")*((($C$5:$C$10="Argelia")*(($D$5:$D$10)>($F$5:$F$10)))+(($G$5:$G$10="Argelia")*(($F$5:$F$10)>($D$5:$D$10))))) -> 0 | D14: =SUMPRODUCT(($D$5:$D$10<>"")*($F$5:$F$10<>"")*(($C$5:$C$10="Argelia")+($G$5:$G$10="Argelia"))*(($D$5:$D$10)=($F$5:$F$10))) -> 0 | E14: =SUMPRODUCT(($D$5:$D$10<>"")*($F$5:$F$10<>"")*((($C$5:$C$10="Argelia")*(($D$5:$D$10)<($F$5:$F$10)))+(($G$5:$G$10="Argelia")*(($F$5:$F$10)<($D$5:$D$10))))) -> 0 | F14: =SUMPRODUCT(($D$5:$D$10<>"")*($F$5:$F$10<>"")*((($C$5:$C$10="Argelia")*($D$5:$D$10))+(($G$5:$G$10="Argelia")*($F$5:$F$10)))) -> 0 | G14: =SUMPRODUCT(($D$5:$D$10<>"")*($F$5:$F$10<>"")*((($C$5:$C$10="Argelia")*($F$5:$F$10))+(($G$5:$G$10="Argelia")*($D$5:$D$10)))) -> 0 | H14: =F14-G14 -> 0 | I14: =C14*3+D14 -> 0 | K14: =I14*1000000000+H14*1000000+F14*1000+(3) -> 3
A15: Austria | B15: =SUMPRODUCT((($C$5:$C$10="Austria")+($G$5:$G$10="Austria"))*($D$5:$D$10<>"")*($F$5:$F$10<>"")) -> 0 | C15: =SUMPRODUCT(($D$5:$D$10<>"")*($F$5:$F$10<>"")*((($C$5:$C$10="Austria")*(($D$5:$D$10)>($F$5:$F$10)))+(($G$5:$G$10="Austria")*(($F$5:$F$10)>($D$5:$D$10))))) -> 0 | D15: =SUMPRODUCT(($D$5:$D$10<>"")*($F$5:$F$10<>"")*(($C$5:$C$10="Austria")+($G$5:$G$10="Austria"))*(($D$5:$D$10)=($F$5:$F$10))) -> 0 | E15: =SUMPRODUCT(($D$5:$D$10<>"")*($F$5:$F$10<>"")*((($C$5:$C$10="Austria")*(($D$5:$D$10)<($F$5:$F$10)))+(($G$5:$G$10="Austria")*(($F$5:$F$10)<($D$5:$D$10))))) -> 0 | F15: =SUMPRODUCT(($D$5:$D$10<>"")*($F$5:$F$10<>"")*((($C$5:$C$10="Austria")*($D$5:$D$10))+(($G$5:$G$10="Austria")*($F$5:$F$10)))) -> 0 | G15: =SUMPRODUCT(($D$5:$D$10<>"")*($F$5:$F$10<>"")*((($C$5:$C$10="Austria")*($F$5:$F$10))+(($G$5:$G$10="Austria")*($D$5:$D$10)))) -> 0 | H15: =F15-G15 -> 0 | I15: =C15*3+D15 -> 0 | K15: =I15*1000000000+H15*1000000+F15*1000+(2) -> 2
A16: Jordania | B16: =SUMPRODUCT((($C$5:$C$10="Jordania")+($G$5:$G$10="Jordania"))*($D$5:$D$10<>"")*($F$5:$F$10<>"")) -> 0 | C16: =SUMPRODUCT(($D$5:$D$10<>"")*($F$5:$F$10<>"")*((($C$5:$C$10="Jordania")*(($D$5:$D$10)>($F$5:$F$10)))+(($G$5:$G$10="Jordania")*(($F$5:$F$10)>($D$5:$D$10))))) -> 0 | D16: =SUMPRODUCT(($D$5:$D$10<>"")*($F$5:$F$10<>"")*(($C$5:$C$10="Jordania")+($G$5:$G$10="Jordania"))*(($D$5:$D$10)=($F$5:$F$10))) -> 0 | E16: =SUMPRODUCT(($D$5:$D$10<>"")*($F$5:$F$10<>"")*((($C$5:$C$10="Jordania")*(($D$5:$D$10)<($F$5:$F$10)))+(($G$5:$G$10="Jordania")*(($F$5:$F$10)<($D$5:$D$10))))) -> 0 | F16: =SUMPRODUCT(($D$5:$D$10<>"")*($F$5:$F$10<>"")*((($C$5:$C$10="Jordania")*($D$5:$D$10))+(($G$5:$G$10="Jordania")*($F$5:$F$10)))) -> 0 | G16: =SUMPRODUCT(($D$5:$D$10<>"")*($F$5:$F$10<>"")*((($C$5:$C$10="Jordania")*($F$5:$F$10))+(($G$5:$G$10="Jordania")*($D$5:$D$10)))) -> 0 | H16: =F16-G16 -> 0 | I16: =C16*3+D16 -> 0 | K16: =I16*1000000000+H16*1000000+F16*1000+(1) -> 1
A17: Tabla de posiciones (en vivo)
A18: # | B18: Equipo | C18: PJ | D18: PG | E18: PE | F18: PP | G18: GF | H18: GC | I18: DG | J18: Pts | K18: Estado
A19: 1 | B19: =INDEX($A$13:$A$16,MATCH(LARGE($K$13:$K$16,1),$K$13:$K$16,0)) -> Argentina | C19: =INDEX($B$13:$I$16,MATCH(LARGE($K$13:$K$16,1),$K$13:$K$16,0),1) -> 0 | D19: =INDEX($B$13:$I$16,MATCH(LARGE($K$13:$K$16,1),$K$13:$K$16,0),2) -> 0 | E19: =INDEX($B$13:$I$16,MATCH(LARGE($K$13:$K$16,1),$K$13:$K$16,0),3) -> 0 | F19: =INDEX($B$13:$I$16,MATCH(LARGE($K$13:$K$16,1),$K$13:$K$16,0),4) -> 0 | G19: =INDEX($B$13:$I$16,MATCH(LARGE($K$13:$K$16,1),$K$13:$K$16,0),5) -> 0 | H19: =INDEX($B$13:$I$16,MATCH(LARGE($K$13:$K$16,1),$K$13:$K$16,0),6) -> 0 | I19: =INDEX($B$13:$I$16,MATCH(LARGE($K$13:$K$16,1),$K$13:$K$16,0),7) -> 0 | J19: =INDEX($B$13:$I$16,MATCH(LARGE($K$13:$K$16,1),$K$13:$K$16,0),8) -> 0 | K19: ="Clasificado 1ro" -> Clasificado 1ro
A20: 2 | B20: =INDEX($A$13:$A$16,MATCH(LARGE($K$13:$K$16,2),$K$13:$K$16,0)) -> Argelia | C20: =INDEX($B$13:$I$16,MATCH(LARGE($K$13:$K$16,2),$K$13:$K$16,0),1) -> 0 | D20: =INDEX($B$13:$I$16,MATCH(LARGE($K$13:$K$16,2),$K$13:$K$16,0),2) -> 0 | E20: =INDEX($B$13:$I$16,MATCH(LARGE($K$13:$K$16,2),$K$13:$K$16,0),3) -> 0 | F20: =INDEX($B$13:$I$16,MATCH(LARGE($K$13:$K$16,2),$K$13:$K$16,0),4) -> 0 | G20: =INDEX($B$13:$I$16,MATCH(LARGE($K$13:$K$16,2),$K$13:$K$16,0),5) -> 0 | H20: =INDEX($B$13:$I$16,MATCH(LARGE($K$13:$K$16,2),$K$13:$K$16,0),6) -> 0 | I20: =INDEX($B$13:$I$16,MATCH(LARGE($K$13:$K$16,2),$K$13:$K$16,0),7) -> 0 | J20: =INDEX($B$13:$I$16,MATCH(LARGE($K$13:$K$16,2),$K$13:$K$16,0),8) -> 0 | K20: ="Clasificado 2do" -> Clasificado 2do
A21: 3 | B21: =INDEX($A$13:$A$16,MATCH(LARGE($K$13:$K$16,3),$K$13:$K$16,0)) -> Austria | C21: =INDEX($B$13:$I$16,MATCH(LARGE($K$13:$K$16,3),$K$13:$K$16,0),1) -> 0 | D21: =INDEX($B$13:$I$16,MATCH(LARGE($K$13:$K$16,3),$K$13:$K$16,0),2) -> 0 | E21: =INDEX($B$13:$I$16,MATCH(LARGE($K$13:$K$16,3),$K$13:$K$16,0),3) -> 0 | F21: =INDEX($B$13:$I$16,MATCH(LARGE($K$13:$K$16,3),$K$13:$K$16,0),4) -> 0 | G21: =INDEX($B$13:$I$16,MATCH(LARGE($K$13:$K$16,3),$K$13:$K$16,0),5) -> 0 | H21: =INDEX($B$13:$I$16,MATCH(LARGE($K$13:$K$16,3),$K$13:$K$16,0),6) -> 0 | I21: =INDEX($B$13:$I$16,MATCH(LARGE($K$13:$K$16,3),$K$13:$K$16,0),7) -> 0 | J21: =INDEX($B$13:$I$16,MATCH(LARGE($K$13:$K$16,3),$K$13:$K$16,0),8) -> 0 | K21: ="3ro (puede avanzar)" -> 3ro (puede avanzar)
A22: 4 | B22: =INDEX($A$13:$A$16,MATCH(LARGE($K$13:$K$16,4),$K$13:$K$16,0)) -> Jordania | C22: =INDEX($B$13:$I$16,MATCH(LARGE($K$13:$K$16,4),$K$13:$K$16,0),1) -> 0 | D22: =INDEX($B$13:$I$16,MATCH(LARGE($K$13:$K$16,4),$K$13:$K$16,0),2) -> 0 | E22: =INDEX($B$13:$I$16,MATCH(LARGE($K$13:$K$16,4),$K$13:$K$16,0),3) -> 0 | F22: =INDEX($B$13:$I$16,MATCH(LARGE($K$13:$K$16,4),$K$13:$K$16,0),4) -> 0 | G22: =INDEX($B$13:$I$16,MATCH(LARGE($K$13:$K$16,4),$K$13:$K$16,0),5) -> 0 | H22: =INDEX($B$13:$I$16,MATCH(LARGE($K$13:$K$16,4),$K$13:$K$16,0),6) -> 0 | I22: =INDEX($B$13:$I$16,MATCH(LARGE($K$13:$K$16,4),$K$13:$K$16,0),7) -> 0 | J22: =INDEX($B$13:$I$16,MATCH(LARGE($K$13:$K$16,4),$K$13:$K$16,0),8) -> 0 | K22: ="Eliminado" -> Eliminado

Sheet Grupo K
A1: Grupo K
A3: Partidos | B3: (las celdas amarillas son editables)
A4: Fecha | B4: Hora (ARG) | C4: Local | D4: Goles | F4: Goles | G4: Visitante | H4: Resultado | I4: Sede
A5: 2026-06-17 | B5: 14:00 | C5: Portugal | E5: - | G5: RD del Congo | H5: =IF(OR(D5="",F5=""),"",IF(D5>F5,"L",IF(D5<F5,"V","E"))) | I5: NRG Stadium, Houston
A6: 2026-06-17 | B6: 23:00 | C6: Uzbekistan | E6: - | G6: Colombia | H6: =IF(OR(D6="",F6=""),"",IF(D6>F6,"L",IF(D6<F6,"V","E"))) | I6: Estadio Azteca, CDMX
A7: 2026-06-23 | B7: 14:00 | C7: Portugal | E7: - | G7: Uzbekistan | H7: =IF(OR(D7="",F7=""),"",IF(D7>F7,"L",IF(D7<F7,"V","E"))) | I7: NRG Stadium, Houston
A8: 2026-06-23 | B8: 23:00 | C8: Colombia | E8: - | G8: RD del Congo | H8: =IF(OR(D8="",F8=""),"",IF(D8>F8,"L",IF(D8<F8,"V","E"))) | I8: Estadio Akron, Guadalajara
A9: 2026-06-27 | B9: 20:30 | C9: Colombia | E9: - | G9: Portugal | H9: =IF(OR(D9="",F9=""),"",IF(D9>F9,"L",IF(D9<F9,"V","E"))) | I9: Hard Rock Stadium, Miami
A10: 2026-06-27 | B10: 20:30 | C10: RD del Congo | E10: - | G10: Uzbekistan | H10: =IF(OR(D10="",F10=""),"",IF(D10>F10,"L",IF(D10<F10,"V","E"))) | I10: Mercedes-Benz Stadium, Atlanta
A11: Tabla (no ordenada)
A12: Equipo | B12: PJ | C12: PG | D12: PE | E12: PP | F12: GF | G12: GC | H12: DG | I12: Pts | K12: Score
A13: Portugal | B13: =SUMPRODUCT((($C$5:$C$10="Portugal")+($G$5:$G$10="Portugal"))*($D$5:$D$10<>"")*($F$5:$F$10<>"")) -> 0 | C13: =SUMPRODUCT(($D$5:$D$10<>"")*($F$5:$F$10<>"")*((($C$5:$C$10="Portugal")*(($D$5:$D$10)>($F$5:$F$10)))+(($G$5:$G$10="Portugal")*(($F$5:$F$10)>($D$5:$D$10))))) -> 0 | D13: =SUMPRODUCT(($D$5:$D$10<>"")*($F$5:$F$10<>"")*(($C$5:$C$10="Portugal")+($G$5:$G$10="Portugal"))*(($D$5:$D$10)=($F$5:$F$10))) -> 0 | E13: =SUMPRODUCT(($D$5:$D$10<>"")*($F$5:$F$10<>"")*((($C$5:$C$10="Portugal")*(($D$5:$D$10)<($F$5:$F$10)))+(($G$5:$G$10="Portugal")*(($F$5:$F$10)<($D$5:$D$10))))) -> 0 | F13: =SUMPRODUCT(($D$5:$D$10<>"")*($F$5:$F$10<>"")*((($C$5:$C$10="Portugal")*($D$5:$D$10))+(($G$5:$G$10="Portugal")*($F$5:$F$10)))) -> 0 | G13: =SUMPRODUCT(($D$5:$D$10<>"")*($F$5:$F$10<>"")*((($C$5:$C$10="Portugal")*($F$5:$F$10))+(($G$5:$G$10="Portugal")*($D$5:$D$10)))) -> 0 | H13: =F13-G13 -> 0 | I13: =C13*3+D13 -> 0 | K13: =I13*1000000000+H13*1000000+F13*1000+(4) -> 4
A14: RD del Congo | B14: =SUMPRODUCT((($C$5:$C$10="RD del Congo")+($G$5:$G$10="RD del Congo"))*($D$5:$D$10<>"")*($F$5:$F$10<>"")) -> 0 | C14: =SUMPRODUCT(($D$5:$D$10<>"")*($F$5:$F$10<>"")*((($C$5:$C$10="RD del Congo")*(($D$5:$D$10)>($F$5:$F$10)))+(($G$5:$G$10="RD del Congo")*(($F$5:$F$10)>($D$5:$D$10))))) -> 0 | D14: =SUMPRODUCT(($D$5:$D$10<>"")*($F$5:$F$10<>"")*(($C$5:$C$10="RD del Congo")+($G$5:$G$10="RD del Congo"))*(($D$5:$D$10)=($F$5:$F$10))) -> 0 | E14: =SUMPRODUCT(($D$5:$D$10<>"")*($F$5:$F$10<>"")*((($C$5:$C$10="RD del Congo")*(($D$5:$D$10)<($F$5:$F$10)))+(($G$5:$G$10="RD del Congo")*(($F$5:$F$10)<($D$5:$D$10))))) -> 0 | F14: =SUMPRODUCT(($D$5:$D$10<>"")*($F$5:$F$10<>"")*((($C$5:$C$10="RD del Congo")*($D$5:$D$10))+(($G$5:$G$10="RD del Congo")*($F$5:$F$10)))) -> 0 | G14: =SUMPRODUCT(($D$5:$D$10<>"")*($F$5:$F$10<>"")*((($C$5:$C$10="RD del Congo")*($F$5:$F$10))+(($G$5:$G$10="RD del Congo")*($D$5:$D$10)))) -> 0 | H14: =F14-G14 -> 0 | I14: =C14*3+D14 -> 0 | K14: =I14*1000000000+H14*1000000+F14*1000+(3) -> 3
A15: Uzbekistan | B15: =SUMPRODUCT((($C$5:$C$10="Uzbekistan")+($G$5:$G$10="Uzbekistan"))*($D$5:$D$10<>"")*($F$5:$F$10<>"")) -> 0 | C15: =SUMPRODUCT(($D$5:$D$10<>"")*($F$5:$F$10<>"")*((($C$5:$C$10="Uzbekistan")*(($D$5:$D$10)>($F$5:$F$10)))+(($G$5:$G$10="Uzbekistan")*(($F$5:$F$10)>($D$5:$D$10))))) -> 0 | D15: =SUMPRODUCT(($D$5:$D$10<>"")*($F$5:$F$10<>"")*(($C$5:$C$10="Uzbekistan")+($G$5:$G$10="Uzbekistan"))*(($D$5:$D$10)=($F$5:$F$10))) -> 0 | E15: =SUMPRODUCT(($D$5:$D$10<>"")*($F$5:$F$10<>"")*((($C$5:$C$10="Uzbekistan")*(($D$5:$D$10)<($F$5:$F$10)))+(($G$5:$G$10="Uzbekistan")*(($F$5:$F$10)<($D$5:$D$10))))) -> 0 | F15: =SUMPRODUCT(($D$5:$D$10<>"")*($F$5:$F$10<>"")*((($C$5:$C$10="Uzbekistan")*($D$5:$D$10))+(($G$5:$G$10="Uzbekistan")*($F$5:$F$10)))) -> 0 | G15: =SUMPRODUCT(($D$5:$D$10<>"")*($F$5:$F$10<>"")*((($C$5:$C$10="Uzbekistan")*($F$5:$F$10))+(($G$5:$G$10="Uzbekistan")*($D$5:$D$10)))) -> 0 | H15: =F15-G15 -> 0 | I15: =C15*3+D15 -> 0 | K15: =I15*1000000000+H15*1000000+F15*1000+(2) -> 2
A16: Colombia | B16: =SUMPRODUCT((($C$5:$C$10="Colombia")+($G$5:$G$10="Colombia"))*($D$5:$D$10<>"")*($F$5:$F$10<>"")) -> 0 | C16: =SUMPRODUCT(($D$5:$D$10<>"")*($F$5:$F$10<>"")*((($C$5:$C$10="Colombia")*(($D$5:$D$10)>($F$5:$F$10)))+(($G$5:$G$10="Colombia")*(($F$5:$F$10)>($D$5:$D$10))))) -> 0 | D16: =SUMPRODUCT(($D$5:$D$10<>"")*($F$5:$F$10<>"")*(($C$5:$C$10="Colombia")+($G$5:$G$10="Colombia"))*(($D$5:$D$10)=($F$5:$F$10))) -> 0 | E16: =SUMPRODUCT(($D$5:$D$10<>"")*($F$5:$F$10<>"")*((($C$5:$C$10="Colombia")*(($D$5:$D$10)<($F$5:$F$10)))+(($G$5:$G$10="Colombia")*(($F$5:$F$10)<($D$5:$D$10))))) -> 0 | F16: =SUMPRODUCT(($D$5:$D$10<>"")*($F$5:$F$10<>"")*((($C$5:$C$10="Colombia")*($D$5:$D$10))+(($G$5:$G$10="Colombia")*($F$5:$F$10)))) -> 0 | G16: =SUMPRODUCT(($D$5:$D$10<>"")*($F$5:$F$10<>"")*((($C$5:$C$10="Colombia")*($F$5:$F$10))+(($G$5:$G$10="Colombia")*($D$5:$D$10)))) -> 0 | H16: =F16-G16 -> 0 | I16: =C16*3+D16 -> 0 | K16: =I16*1000000000+H16*1000000+F16*1000+(1) -> 1
A17: Tabla de posiciones (en vivo)
A18: # | B18: Equipo | C18: PJ | D18: PG | E18: PE | F18: PP | G18: GF | H18: GC | I18: DG | J18: Pts | K18: Estado
A19: 1 | B19: =INDEX($A$13:$A$16,MATCH(LARGE($K$13:$K$16,1),$K$13:$K$16,0)) -> Portugal | C19: =INDEX($B$13:$I$16,MATCH(LARGE($K$13:$K$16,1),$K$13:$K$16,0),1) -> 0 | D19: =INDEX($B$13:$I$16,MATCH(LARGE($K$13:$K$16,1),$K$13:$K$16,0),2) -> 0 | E19: =INDEX($B$13:$I$16,MATCH(LARGE($K$13:$K$16,1),$K$13:$K$16,0),3) -> 0 | F19: =INDEX($B$13:$I$16,MATCH(LARGE($K$13:$K$16,1),$K$13:$K$16,0),4) -> 0 | G19: =INDEX($B$13:$I$16,MATCH(LARGE($K$13:$K$16,1),$K$13:$K$16,0),5) -> 0 | H19: =INDEX($B$13:$I$16,MATCH(LARGE($K$13:$K$16,1),$K$13:$K$16,0),6) -> 0 | I19: =INDEX($B$13:$I$16,MATCH(LARGE($K$13:$K$16,1),$K$13:$K$16,0),7) -> 0 | J19: =INDEX($B$13:$I$16,MATCH(LARGE($K$13:$K$16,1),$K$13:$K$16,0),8) -> 0 | K19: ="Clasificado 1ro" -> Clasificado 1ro
A20: 2 | B20: =INDEX($A$13:$A$16,MATCH(LARGE($K$13:$K$16,2),$K$13:$K$16,0)) -> RD del Congo | C20: =INDEX($B$13:$I$16,MATCH(LARGE($K$13:$K$16,2),$K$13:$K$16,0),1) -> 0 | D20: =INDEX($B$13:$I$16,MATCH(LARGE($K$13:$K$16,2),$K$13:$K$16,0),2) -> 0 | E20: =INDEX($B$13:$I$16,MATCH(LARGE($K$13:$K$16,2),$K$13:$K$16,0),3) -> 0 | F20: =INDEX($B$13:$I$16,MATCH(LARGE($K$13:$K$16,2),$K$13:$K$16,0),4) -> 0 | G20: =INDEX($B$13:$I$16,MATCH(LARGE($K$13:$K$16,2),$K$13:$K$16,0),5) -> 0 | H20: =INDEX($B$13:$I$16,MATCH(LARGE($K$13:$K$16,2),$K$13:$K$16,0),6) -> 0 | I20: =INDEX($B$13:$I$16,MATCH(LARGE($K$13:$K$16,2),$K$13:$K$16,0),7) -> 0 | J20: =INDEX($B$13:$I$16,MATCH(LARGE($K$13:$K$16,2),$K$13:$K$16,0),8) -> 0 | K20: ="Clasificado 2do" -> Clasificado 2do
A21: 3 | B21: =INDEX($A$13:$A$16,MATCH(LARGE($K$13:$K$16,3),$K$13:$K$16,0)) -> Uzbekistan | C21: =INDEX($B$13:$I$16,MATCH(LARGE($K$13:$K$16,3),$K$13:$K$16,0),1) -> 0 | D21: =INDEX($B$13:$I$16,MATCH(LARGE($K$13:$K$16,3),$K$13:$K$16,0),2) -> 0 | E21: =INDEX($B$13:$I$16,MATCH(LARGE($K$13:$K$16,3),$K$13:$K$16,0),3) -> 0 | F21: =INDEX($B$13:$I$16,MATCH(LARGE($K$13:$K$16,3),$K$13:$K$16,0),4) -> 0 | G21: =INDEX($B$13:$I$16,MATCH(LARGE($K$13:$K$16,3),$K$13:$K$16,0),5) -> 0 | H21: =INDEX($B$13:$I$16,MATCH(LARGE($K$13:$K$16,3),$K$13:$K$16,0),6) -> 0 | I21: =INDEX($B$13:$I$16,MATCH(LARGE($K$13:$K$16,3),$K$13:$K$16,0),7) -> 0 | J21: =INDEX($B$13:$I$16,MATCH(LARGE($K$13:$K$16,3),$K$13:$K$16,0),8) -> 0 | K21: ="3ro (puede avanzar)" -> 3ro (puede avanzar)
A22: 4 | B22: =INDEX($A$13:$A$16,MATCH(LARGE($K$13:$K$16,4),$K$13:$K$16,0)) -> Colombia | C22: =INDEX($B$13:$I$16,MATCH(LARGE($K$13:$K$16,4),$K$13:$K$16,0),1) -> 0 | D22: =INDEX($B$13:$I$16,MATCH(LARGE($K$13:$K$16,4),$K$13:$K$16,0),2) -> 0 | E22: =INDEX($B$13:$I$16,MATCH(LARGE($K$13:$K$16,4),$K$13:$K$16,0),3) -> 0 | F22: =INDEX($B$13:$I$16,MATCH(LARGE($K$13:$K$16,4),$K$13:$K$16,0),4) -> 0 | G22: =INDEX($B$13:$I$16,MATCH(LARGE($K$13:$K$16,4),$K$13:$K$16,0),5) -> 0 | H22: =INDEX($B$13:$I$16,MATCH(LARGE($K$13:$K$16,4),$K$13:$K$16,0),6) -> 0 | I22: =INDEX($B$13:$I$16,MATCH(LARGE($K$13:$K$16,4),$K$13:$K$16,0),7) -> 0 | J22: =INDEX($B$13:$I$16,MATCH(LARGE($K$13:$K$16,4),$K$13:$K$16,0),8) -> 0 | K22: ="Eliminado" -> Eliminado

Sheet Grupo L
A1: Grupo L
A3: Partidos | B3: (las celdas amarillas son editables)
A4: Fecha | B4: Hora (ARG) | C4: Local | D4: Goles | F4: Goles | G4: Visitante | H4: Resultado | I4: Sede
A5: 2026-06-17 | B5: 17:00 | C5: Inglaterra | E5: - | G5: Croacia | H5: =IF(OR(D5="",F5=""),"",IF(D5>F5,"L",IF(D5<F5,"V","E"))) | I5: AT&T Stadium, Arlington
A6: 2026-06-17 | B6: 20:00 | C6: Ghana | E6: - | G6: Panama | H6: =IF(OR(D6="",F6=""),"",IF(D6>F6,"L",IF(D6<F6,"V","E"))) | I6: BMO Field, Toronto
A7: 2026-06-23 | B7: 17:00 | C7: Inglaterra | E7: - | G7: Ghana | H7: =IF(OR(D7="",F7=""),"",IF(D7>F7,"L",IF(D7<F7,"V","E"))) | I7: Gillette Stadium, Foxboro
A8: 2026-06-23 | B8: 20:00 | C8: Panama | E8: - | G8: Croacia | H8: =IF(OR(D8="",F8=""),"",IF(D8>F8,"L",IF(D8<F8,"V","E"))) | I8: BMO Field, Toronto
A9: 2026-06-27 | B9: 18:00 | C9: Panama | E9: - | G9: Inglaterra | H9: =IF(OR(D9="",F9=""),"",IF(D9>F9,"L",IF(D9<F9,"V","E"))) | I9: MetLife Stadium, East Rutherford
A10: 2026-06-27 | B10: 18:00 | C10: Croacia | E10: - | G10: Ghana | H10: =IF(OR(D10="",F10=""),"",IF(D10>F10,"L",IF(D10<F10,"V","E"))) | I10: Lincoln Financial Field, Philadelphia
A11: Tabla (no ordenada)
A12: Equipo | B12: PJ | C12: PG | D12: PE | E12: PP | F12: GF | G12: GC | H12: DG | I12: Pts | K12: Score
A13: Inglaterra | B13: =SUMPRODUCT((($C$5:$C$10="Inglaterra")+($G$5:$G$10="Inglaterra"))*($D$5:$D$10<>"")*($F$5:$F$10<>"")) -> 0 | C13: =SUMPRODUCT(($D$5:$D$10<>"")*($F$5:$F$10<>"")*((($C$5:$C$10="Inglaterra")*(($D$5:$D$10)>($F$5:$F$10)))+(($G$5:$G$10="Inglaterra")*(($F$5:$F$10)>($D$5:$D$10))))) -> 0 | D13: =SUMPRODUCT(($D$5:$D$10<>"")*($F$5:$F$10<>"")*(($C$5:$C$10="Inglaterra")+($G$5:$G$10="Inglaterra"))*(($D$5:$D$10)=($F$5:$F$10))) -> 0 | E13: =SUMPRODUCT(($D$5:$D$10<>"")*($F$5:$F$10<>"")*((($C$5:$C$10="Inglaterra")*(($D$5:$D$10)<($F$5:$F$10)))+(($G$5:$G$10="Inglaterra")*(($F$5:$F$10)<($D$5:$D$10))))) -> 0 | F13: =SUMPRODUCT(($D$5:$D$10<>"")*($F$5:$F$10<>"")*((($C$5:$C$10="Inglaterra")*($D$5:$D$10))+(($G$5:$G$10="Inglaterra")*($F$5:$F$10)))) -> 0 | G13: =SUMPRODUCT(($D$5:$D$10<>"")*($F$5:$F$10<>"")*((($C$5:$C$10="Inglaterra")*($F$5:$F$10))+(($G$5:$G$10="Inglaterra")*($D$5:$D$10)))) -> 0 | H13: =F13-G13 -> 0 | I13: =C13*3+D13 -> 0 | K13: =I13*1000000000+H13*1000000+F13*1000+(4) -> 4
A14: Croacia | B14: =SUMPRODUCT((($C$5:$C$10="Croacia")+($G$5:$G$10="Croacia"))*($D$5:$D$10<>"")*($F$5:$F$10<>"")) -> 0 | C14: =SUMPRODUCT(($D$5:$D$10<>"")*($F$5:$F$10<>"")*((($C$5:$C$10="Croacia")*(($D$5:$D$10)>($F$5:$F$10)))+(($G$5:$G$10="Croacia")*(($F$5:$F$10)>($D$5:$D$10))))) -> 0 | D14: =SUMPRODUCT(($D$5:$D$10<>"")*($F$5:$F$10<>"")*(($C$5:$C$10="Croacia")+($G$5:$G$10="Croacia"))*(($D$5:$D$10)=($F$5:$F$10))) -> 0 | E14: =SUMPRODUCT(($D$5:$D$10<>"")*($F$5:$F$10<>"")*((($C$5:$C$10="Croacia")*(($D$5:$D$10)<($F$5:$F$10)))+(($G$5:$G$10="Croacia")*(($F$5:$F$10)<($D$5:$D$10))))) -> 0 | F14: =SUMPRODUCT(($D$5:$D$10<>"")*($F$5:$F$10<>"")*((($C$5:$C$10="Croacia")*($D$5:$D$10))+(($G$5:$G$10="Croacia")*($F$5:$F$10)))) -> 0 | G14: =SUMPRODUCT(($D$5:$D$10<>"")*($F$5:$F$10<>"")*((($C$5:$C$10="Croacia")*($F$5:$F$10))+(($G$5:$G$10="Croacia")*($D$5:$D$10)))) -> 0 | H14: =F14-G14 -> 0 | I14: =C14*3+D14 -> 0 | K14: =I14*1000000000+H14*1000000+F14*1000+(3) -> 3
A15: Ghana | B15: =SUMPRODUCT((($C$5:$C$10="Ghana")+($G$5:$G$10="Ghana"))*($D$5:$D$10<>"")*($F$5:$F$10<>"")) -> 0 | C15: =SUMPRODUCT(($D$5:$D$10<>"")*($F$5:$F$10<>"")*((($C$5:$C$10="Ghana")*(($D$5:$D$10)>($F$5:$F$10)))+(($G$5:$G$10="Ghana")*(($F$5:$F$10)>($D$5:$D$10))))) -> 0 | D15: =SUMPRODUCT(($D$5:$D$10<>"")*($F$5:$F$10<>"")*(($C$5:$C$10="Ghana")+($G$5:$G$10="Ghana"))*(($D$5:$D$10)=($F$5:$F$10))) -> 0 | E15: =SUMPRODUCT(($D$5:$D$10<>"")*($F$5:$F$10<>"")*((($C$5:$C$10="Ghana")*(($D$5:$D$10)<($F$5:$F$10)))+(($G$5:$G$10="Ghana")*(($F$5:$F$10)<($D$5:$D$10))))) -> 0 | F15: =SUMPRODUCT(($D$5:$D$10<>"")*($F$5:$F$10<>"")*((($C$5:$C$10="Ghana")*($D$5:$D$10))+(($G$5:$G$10="Ghana")*($F$5:$F$10)))) -> 0 | G15: =SUMPRODUCT(($D$5:$D$10<>"")*($F$5:$F$10<>"")*((($C$5:$C$10="Ghana")*($F$5:$F$10))+(($G$5:$G$10="Ghana")*($D$5:$D$10)))) -> 0 | H15: =F15-G15 -> 0 | I15: =C15*3+D15 -> 0 | K15: =I15*1000000000+H15*1000000+F15*1000+(2) -> 2
A16: Panama | B16: =SUMPRODUCT((($C$5:$C$10="Panama")+($G$5:$G$10="Panama"))*($D$5:$D$10<>"")*($F$5:$F$10<>"")) -> 0 | C16: =SUMPRODUCT(($D$5:$D$10<>"")*($F$5:$F$10<>"")*((($C$5:$C$10="Panama")*(($D$5:$D$10)>($F$5:$F$10)))+(($G$5:$G$10="Panama")*(($F$5:$F$10)>($D$5:$D$10))))) -> 0 | D16: =SUMPRODUCT(($D$5:$D$10<>"")*($F$5:$F$10<>"")*(($C$5:$C$10="Panama")+($G$5:$G$10="Panama"))*(($D$5:$D$10)=($F$5:$F$10))) -> 0 | E16: =SUMPRODUCT(($D$5:$D$10<>"")*($F$5:$F$10<>"")*((($C$5:$C$10="Panama")*(($D$5:$D$10)<($F$5:$F$10)))+(($G$5:$G$10="Panama")*(($F$5:$F$10)<($D$5:$D$10))))) -> 0 | F16: =SUMPRODUCT(($D$5:$D$10<>"")*($F$5:$F$10<>"")*((($C$5:$C$10="Panama")*($D$5:$D$10))+(($G$5:$G$10="Panama")*($F$5:$F$10)))) -> 0 | G16: =SUMPRODUCT(($D$5:$D$10<>"")*($F$5:$F$10<>"")*((($C$5:$C$10="Panama")*($F$5:$F$10))+(($G$5:$G$10="Panama")*($D$5:$D$10)))) -> 0 | H16: =F16-G16 -> 0 | I16: =C16*3+D16 -> 0 | K16: =I16*1000000000+H16*1000000+F16*1000+(1) -> 1
A17: Tabla de posiciones (en vivo)
A18: # | B18: Equipo | C18: PJ | D18: PG | E18: PE | F18: PP | G18: GF | H18: GC | I18: DG | J18: Pts | K18: Estado
A19: 1 | B19: =INDEX($A$13:$A$16,MATCH(LARGE($K$13:$K$16,1),$K$13:$K$16,0)) -> Inglaterra | C19: =INDEX($B$13:$I$16,MATCH(LARGE($K$13:$K$16,1),$K$13:$K$16,0),1) -> 0 | D19: =INDEX($B$13:$I$16,MATCH(LARGE($K$13:$K$16,1),$K$13:$K$16,0),2) -> 0 | E19: =INDEX($B$13:$I$16,MATCH(LARGE($K$13:$K$16,1),$K$13:$K$16,0),3) -> 0 | F19: =INDEX($B$13:$I$16,MATCH(LARGE($K$13:$K$16,1),$K$13:$K$16,0),4) -> 0 | G19: =INDEX($B$13:$I$16,MATCH(LARGE($K$13:$K$16,1),$K$13:$K$16,0),5) -> 0 | H19: =INDEX($B$13:$I$16,MATCH(LARGE($K$13:$K$16,1),$K$13:$K$16,0),6) -> 0 | I19: =INDEX($B$13:$I$16,MATCH(LARGE($K$13:$K$16,1),$K$13:$K$16,0),7) -> 0 | J19: =INDEX($B$13:$I$16,MATCH(LARGE($K$13:$K$16,1),$K$13:$K$16,0),8) -> 0 | K19: ="Clasificado 1ro" -> Clasificado 1ro
A20: 2 | B20: =INDEX($A$13:$A$16,MATCH(LARGE($K$13:$K$16,2),$K$13:$K$16,0)) -> Croacia | C20: =INDEX($B$13:$I$16,MATCH(LARGE($K$13:$K$16,2),$K$13:$K$16,0),1) -> 0 | D20: =INDEX($B$13:$I$16,MATCH(LARGE($K$13:$K$16,2),$K$13:$K$16,0),2) -> 0 | E20: =INDEX($B$13:$I$16,MATCH(LARGE($K$13:$K$16,2),$K$13:$K$16,0),3) -> 0 | F20: =INDEX($B$13:$I$16,MATCH(LARGE($K$13:$K$16,2),$K$13:$K$16,0),4) -> 0 | G20: =INDEX($B$13:$I$16,MATCH(LARGE($K$13:$K$16,2),$K$13:$K$16,0),5) -> 0 | H20: =INDEX($B$13:$I$16,MATCH(LARGE($K$13:$K$16,2),$K$13:$K$16,0),6) -> 0 | I20: =INDEX($B$13:$I$16,MATCH(LARGE($K$13:$K$16,2),$K$13:$K$16,0),7) -> 0 | J20: =INDEX($B$13:$I$16,MATCH(LARGE($K$13:$K$16,2),$K$13:$K$16,0),8) -> 0 | K20: ="Clasificado 2do" -> Clasificado 2do
A21: 3 | B21: =INDEX($A$13:$A$16,MATCH(LARGE($K$13:$K$16,3),$K$13:$K$16,0)) -> Ghana | C21: =INDEX($B$13:$I$16,MATCH(LARGE($K$13:$K$16,3),$K$13:$K$16,0),1) -> 0 | D21: =INDEX($B$13:$I$16,MATCH(LARGE($K$13:$K$16,3),$K$13:$K$16,0),2) -> 0 | E21: =INDEX($B$13:$I$16,MATCH(LARGE($K$13:$K$16,3),$K$13:$K$16,0),3) -> 0 | F21: =INDEX($B$13:$I$16,MATCH(LARGE($K$13:$K$16,3),$K$13:$K$16,0),4) -> 0 | G21: =INDEX($B$13:$I$16,MATCH(LARGE($K$13:$K$16,3),$K$13:$K$16,0),5) -> 0 | H21: =INDEX($B$13:$I$16,MATCH(LARGE($K$13:$K$16,3),$K$13:$K$16,0),6) -> 0 | I21: =INDEX($B$13:$I$16,MATCH(LARGE($K$13:$K$16,3),$K$13:$K$16,0),7) -> 0 | J21: =INDEX($B$13:$I$16,MATCH(LARGE($K$13:$K$16,3),$K$13:$K$16,0),8) -> 0 | K21: ="3ro (puede avanzar)" -> 3ro (puede avanzar)
A22: 4 | B22: =INDEX($A$13:$A$16,MATCH(LARGE($K$13:$K$16,4),$K$13:$K$16,0)) -> Panama | C22: =INDEX($B$13:$I$16,MATCH(LARGE($K$13:$K$16,4),$K$13:$K$16,0),1) -> 0 | D22: =INDEX($B$13:$I$16,MATCH(LARGE($K$13:$K$16,4),$K$13:$K$16,0),2) -> 0 | E22: =INDEX($B$13:$I$16,MATCH(LARGE($K$13:$K$16,4),$K$13:$K$16,0),3) -> 0 | F22: =INDEX($B$13:$I$16,MATCH(LARGE($K$13:$K$16,4),$K$13:$K$16,0),4) -> 0 | G22: =INDEX($B$13:$I$16,MATCH(LARGE($K$13:$K$16,4),$K$13:$K$16,0),5) -> 0 | H22: =INDEX($B$13:$I$16,MATCH(LARGE($K$13:$K$16,4),$K$13:$K$16,0),6) -> 0 | I22: =INDEX($B$13:$I$16,MATCH(LARGE($K$13:$K$16,4),$K$13:$K$16,0),7) -> 0 | J22: =INDEX($B$13:$I$16,MATCH(LARGE($K$13:$K$16,4),$K$13:$K$16,0),8) -> 0 | K22: ="Eliminado" -> Eliminado

Sheet Eliminatorias
A1: Eliminatorias - Prediccion en vivo (horarios en hora Argentina, UTC-3)
A3: Mejores terceros lugares
A4: Grupo | B4: Equipo | C4: Pts | D4: DG | E4: GF | F4: Score | G4: Rank | H4: Clasifica
A5: A | B5: ='Grupo A'!$B$21 -> Sudafrica | C5: ='Grupo A'!$J$21 -> 4 | D5: ='Grupo A'!$I$21 -> 0 | E5: ='Grupo A'!$G$21 -> 5 | F5: =C5*1000000+D5*1000+E5+(12)/100 -> 4000005.1 | G5: =SUMPRODUCT(($F$5:$F$16>F5)*1)+1 -> 1 | H5: =IF(G5<=8,"SI","NO") -> SI
A6: B | B6: ='Grupo B'!$B$21 -> Canada | C6: ='Grupo B'!$J$21 -> 0 | D6: ='Grupo B'!$I$21 -> -1 | E6: ='Grupo B'!$G$21 -> 1 | F6: =C6*1000000+D6*1000+E6+(11)/100 -> -998.89 | G6: =SUMPRODUCT(($F$5:$F$16>F6)*1)+1 -> 12 | H6: =IF(G6<=8,"SI","NO") -> NO
A7: C | B7: ='Grupo C'!$B$21 -> Haiti | C7: ='Grupo C'!$J$21 -> 0 | D7: ='Grupo C'!$I$21 -> 0 | E7: ='Grupo C'!$G$21 -> 0 | F7: =C7*1000000+D7*1000+E7+(10)/100 -> 0.1 | G7: =SUMPRODUCT(($F$5:$F$16>F7)*1)+1 -> 2 | H7: =IF(G7<=8,"SI","NO") -> SI
A8: D | B8: ='Grupo D'!$B$21 -> Australia | C8: ='Grupo D'!$J$21 -> 0 | D8: ='Grupo D'!$I$21 -> 0 | E8: ='Grupo D'!$G$21 -> 0 | F8: =C8*1000000+D8*1000+E8+(9)/100 -> 0.09 | G8: =SUMPRODUCT(($F$5:$F$16>F8)*1)+1 -> 3 | H8: =IF(G8<=8,"SI","NO") -> SI
A9: E | B9: ='Grupo E'!$B$21 -> Costa de Marfil | C9: ='Grupo E'!$J$21 -> 0 | D9: ='Grupo E'!$I$21 -> 0 | E9: ='Grupo E'!$G$21 -> 0 | F9: =C9*1000000+D9*1000+E9+(8)/100 -> 0.08 | G9: =SUMPRODUCT(($F$5:$F$16>F9)*1)+1 -> 4 | H9: =IF(G9<=8,"SI","NO") -> SI
A10: F | B10: ='Grupo F'!$B$21 -> Suecia | C10: ='Grupo F'!$J$21 -> 0 | D10: ='Grupo F'!$I$21 -> 0 | E10: ='Grupo F'!$G$21 -> 0 | F10: =C10*1000000+D10*1000+E10+(7)/100 -> 0.07 | G10: =SUMPRODUCT(($F$5:$F$16>F10)*1)+1 -> 5 | H10: =IF(G10<=8,"SI","NO") -> SI
A11: G | B11: ='Grupo G'!$B$21 -> Iran | C11: ='Grupo G'!$J$21 -> 0 | D11: ='Grupo G'!$I$21 -> 0 | E11: ='Grupo G'!$G$21 -> 0 | F11: =C11*1000000+D11*1000+E11+(6)/100 -> 0.06 | G11: =SUMPRODUCT(($F$5:$F$16>F11)*1)+1 -> 6 | H11: =IF(G11<=8,"SI","NO") -> SI
A12: H | B12: ='Grupo H'!$B$21 -> Arabia Saudita | C12: ='Grupo H'!$J$21 -> 0 | D12: ='Grupo H'!$I$21 -> 0 | E12: ='Grupo H'!$G$21 -> 0 | F12: =C12*1000000+D12*1000+E12+(5)/100 -> 0.05 | G12: =SUMPRODUCT(($F$5:$F$16>F12)*1)+1 -> 7 | H12: =IF(G12<=8,"SI","NO") -> SI
A13: I | B13: ='Grupo I'!$B$21 -> Irak | C13: ='Grupo I'!$J$21 -> 0 | D13: ='Grupo I'!$I$21 -> 0 | E13: ='Grupo I'!$G$21 -> 0 | F13: =C13*1000000+D13*1000+E13+(4)/100 -> 0.04 | G13: =SUMPRODUCT(($F$5:$F$16>F13)*1)+1 -> 8 | H13: =IF(G13<=8,"SI","NO") -> SI
A14: J | B14: ='Grupo J'!$B$21 -> Austria | C14: ='Grupo J'!$J$21 -> 0 | D14: ='Grupo J'!$I$21 -> 0 | E14: ='Grupo J'!$G$21 -> 0 | F14: =C14*1000000+D14*1000+E14+(3)/100 -> 0.03 | G14: =SUMPRODUCT(($F$5:$F$16>F14)*1)+1 -> 9 | H14: =IF(G14<=8,"SI","NO") -> NO
A15: K | B15: ='Grupo K'!$B$21 -> Uzbekistan | C15: ='Grupo K'!$J$21 -> 0 | D15: ='Grupo K'!$I$21 -> 0 | E15: ='Grupo K'!$G$21 -> 0 | F15: =C15*1000000+D15*1000+E15+(2)/100 -> 0.02 | G15: =SUMPRODUCT(($F$5:$F$16>F15)*1)+1 -> 10 | H15: =IF(G15<=8,"SI","NO") -> NO
A16: L | B16: ='Grupo L'!$B$21 -> Ghana | C16: ='Grupo L'!$J$21 -> 0 | D16: ='Grupo L'!$I$21 -> 0 | E16: ='Grupo L'!$G$21 -> 0 | F16: =C16*1000000+D16*1000+E16+(1)/100 -> 0.01 | G16: =SUMPRODUCT(($F$5:$F$16>F16)*1)+1 -> 11 | H16: =IF(G16<=8,"SI","NO") -> NO
A19: Octavos de Final - Round of 32 (16 partidos)
A20: ID | B20: Fecha | C20: Hora (ARG) | D20: Equipo 1 | E20: G1 | G20: G2 | H20: Equipo 2 | I20: Ganador | J20: Sede | K20: Override
A21: M73 | B21: 2026-06-28 | C21: 16:00 | D21: ='Grupo A'!$B$20 -> Corea del Sur | F21: - | H21: ='Grupo B'!$B$20 -> Bosnia y Herzegovina | I21: =IF(K21<>"",K21,IF(OR(E21="",G21=""),"",IF(E21>G21,D21,IF(E21<G21,H21,"")))) | J21: SoFi Stadium, Inglewood
A22: M76 | B22: 2026-06-29 | C22: 14:00 | D22: ='Grupo C'!$B$19 -> Brasil | F22: - | H22: ='Grupo F'!$B$20 -> Japon | I22: =IF(K22<>"",K22,IF(OR(E22="",G22=""),"",IF(E22>G22,D22,IF(E22<G22,H22,"")))) | J22: NRG Stadium, Houston
A23: M74 | B23: 2026-06-29 | C23: 17:30 | D23: ='Grupo E'!$B$19 -> Alemania | F23: - | H23: =INDEX($B$5:$B$16,MATCH(1,$G$5:$G$16,0)) -> Sudafrica | I23: =IF(K23<>"",K23,IF(OR(E23="",G23=""),"",IF(E23>G23,D23,IF(E23<G23,H23,"")))) | J23: Gillette Stadium, Boston
A24: M75 | B24: 2026-06-29 | C24: 22:00 | D24: ='Grupo F'!$B$19 -> Paises Bajos | F24: - | H24: ='Grupo C'!$B$20 -> Marruecos | I24: =IF(K24<>"",K24,IF(OR(E24="",G24=""),"",IF(E24>G24,D24,IF(E24<G24,H24,"")))) | J24: Estadio BBVA, Monterrey
A25: M78 | B25: 2026-06-30 | C25: 14:00 | D25: ='Grupo E'!$B$20 -> Curazao | F25: - | H25: ='Grupo I'!$B$20 -> Senegal | I25: =IF(K25<>"",K25,IF(OR(E25="",G25=""),"",IF(E25>G25,D25,IF(E25<G25,H25,"")))) | J25: AT&T Stadium, Dallas
A26: M77 | B26: 2026-06-30 | C26: 18:00 | D26: ='Grupo I'!$B$19 -> Francia | F26: - | H26: =INDEX($B$5:$B$16,MATCH(2,$G$5:$G$16,0)) -> Haiti | I26: =IF(K26<>"",K26,IF(OR(E26="",G26=""),"",IF(E26>G26,D26,IF(E26<G26,H26,"")))) | J26: MetLife Stadium, East Rutherford
A27: M79 | B27: 2026-06-30 | C27: 22:00 | D27: ='Grupo A'!$B$19 -> Chequia | F27: - | H27: =INDEX($B$5:$B$16,MATCH(3,$G$5:$G$16,0)) -> Australia | I27: =IF(K27<>"",K27,IF(OR(E27="",G27=""),"",IF(E27>G27,D27,IF(E27<G27,H27,"")))) | J27: Estadio Azteca, CDMX
A28: M80 | B28: 2026-07-01 | C28: 13:00 | D28: ='Grupo L'!$B$19 -> Inglaterra | F28: - | H28: =INDEX($B$5:$B$16,MATCH(4,$G$5:$G$16,0)) -> Costa de Marfil | I28: =IF(K28<>"",K28,IF(OR(E28="",G28=""),"",IF(E28>G28,D28,IF(E28<G28,H28,"")))) | J28: Mercedes-Benz Stadium, Atlanta
A29: M82 | B29: 2026-07-01 | C29: 17:00 | D29: ='Grupo G'!$B$19 -> Belgica | F29: - | H29: =INDEX($B$5:$B$16,MATCH(6,$G$5:$G$16,0)) -> Iran | I29: =IF(K29<>"",K29,IF(OR(E29="",G29=""),"",IF(E29>G29,D29,IF(E29<G29,H29,"")))) | J29: Lumen Field, Seattle
A30: M81 | B30: 2026-07-01 | C30: 21:00 | D30: ='Grupo D'!$B$19 -> Estados Unidos | F30: - | H30: =INDEX($B$5:$B$16,MATCH(5,$G$5:$G$16,0)) -> Suecia | I30: =IF(K30<>"",K30,IF(OR(E30="",G30=""),"",IF(E30>G30,D30,IF(E30<G30,H30,"")))) | J30: Levi's Stadium, San Francisco Bay
A31: M84 | B31: 2026-07-02 | C31: 16:00 | D31: ='Grupo H'!$B$19 -> España | F31: - | H31: ='Grupo J'!$B$20 -> Argelia | I31: =IF(K31<>"",K31,IF(OR(E31="",G31=""),"",IF(E31>G31,D31,IF(E31<G31,H31,"")))) | J31: SoFi Stadium, Inglewood
A32: M83 | B32: 2026-07-02 | C32: 20:00 | D32: ='Grupo K'!$B$20 -> RD del Congo | F32: - | H32: ='Grupo L'!$B$20 -> Croacia | I32: =IF(K32<>"",K32,IF(OR(E32="",G32=""),"",IF(E32>G32,D32,IF(E32<G32,H32,"")))) | J32: BMO Field, Toronto
A33: M85 | B33: 2026-07-03 | C33: 00:00 | D33: ='Grupo B'!$B$19 -> Suiza | F33: - | H33: =INDEX($B$5:$B$16,MATCH(7,$G$5:$G$16,0)) -> Arabia Saudita | I33: =IF(K33<>"",K33,IF(OR(E33="",G33=""),"",IF(E33>G33,D33,IF(E33<G33,H33,"")))) | J33: BC Place, Vancouver
A34: M88 | B34: 2026-07-03 | C34: 15:00 | D34: ='Grupo D'!$B$20 -> Paraguay | F34: - | H34: ='Grupo G'!$B$20 -> Egipto | I34: =IF(K34<>"",K34,IF(OR(E34="",G34=""),"",IF(E34>G34,D34,IF(E34<G34,H34,"")))) | J34: AT&T Stadium, Dallas
A35: M86 | B35: 2026-07-03 | C35: 19:00 | D35: ='Grupo J'!$B$19 -> Argentina | F35: - | H35: ='Grupo H'!$B$20 -> Cabo Verde | I35: =IF(K35<>"",K35,IF(OR(E35="",G35=""),"",IF(E35>G35,D35,IF(E35<G35,H35,"")))) | J35: Hard Rock Stadium, Miami
A36: M87 | B36: 2026-07-03 | C36: 22:30 | D36: ='Grupo K'!$B$19 -> Portugal | F36: - | H36: =INDEX($B$5:$B$16,MATCH(8,$G$5:$G$16,0)) -> Irak | I36: =IF(K36<>"",K36,IF(OR(E36="",G36=""),"",IF(E36>G36,D36,IF(E36<G36,H36,"")))) | J36: Arrowhead Stadium, Kansas City
A38: Dieciseisavos / Round of 16 (8 partidos)
A39: ID | B39: Fecha | C39: Hora (ARG) | D39: Equipo 1 | E39: G1 | G39: G2 | H39: Equipo 2 | I39: Ganador | J39: Sede | K39: Override
A40: M90 | B40: 2026-07-04 | C40: 14:00 | D40: =I21 | F40: - | H40: =I24 | I40: =IF(K40<>"",K40,IF(OR(E40="",G40=""),"",IF(E40>G40,D40,IF(E40<G40,H40,"")))) | J40: NRG Stadium, Houston
A41: M89 | B41: 2026-07-04 | C41: 18:00 | D41: =I23 | F41: - | H41: =I26 | I41: =IF(K41<>"",K41,IF(OR(E41="",G41=""),"",IF(E41>G41,D41,IF(E41<G41,H41,"")))) | J41: Lincoln Financial Field, Philadelphia
A42: M91 | B42: 2026-07-05 | C42: 17:00 | D42: =I22 | F42: - | H42: =I25 | I42: =IF(K42<>"",K42,IF(OR(E42="",G42=""),"",IF(E42>G42,D42,IF(E42<G42,H42,"")))) | J42: MetLife Stadium, East Rutherford
A43: M92 | B43: 2026-07-05 | C43: 21:00 | D43: =I27 | F43: - | H43: =I28 | I43: =IF(K43<>"",K43,IF(OR(E43="",G43=""),"",IF(E43>G43,D43,IF(E43<G43,H43,"")))) | J43: Estadio Azteca, CDMX
A44: M93 | B44: 2026-07-06 | C44: 16:00 | D44: =I32 | F44: - | H44: =I31 | I44: =IF(K44<>"",K44,IF(OR(E44="",G44=""),"",IF(E44>G44,D44,IF(E44<G44,H44,"")))) | J44: AT&T Stadium, Dallas
A45: M94 | B45: 2026-07-06 | C45: 21:00 | D45: =I30 | F45: - | H45: =I29 | I45: =IF(K45<>"",K45,IF(OR(E45="",G45=""),"",IF(E45>G45,D45,IF(E45<G45,H45,"")))) | J45: Lumen Field, Seattle
A46: M95 | B46: 2026-07-07 | C46: 13:00 | D46: =I35 | F46: - | H46: =I34 | I46: =IF(K46<>"",K46,IF(OR(E46="",G46=""),"",IF(E46>G46,D46,IF(E46<G46,H46,"")))) | J46: Mercedes-Benz Stadium, Atlanta
A47: M96 | B47: 2026-07-07 | C47: 17:00 | D47: =I33 | F47: - | H47: =I36 | I47: =IF(K47<>"",K47,IF(OR(E47="",G47=""),"",IF(E47>G47,D47,IF(E47<G47,H47,"")))) | J47: BC Place, Vancouver
A49: Cuartos de Final (4 partidos)
A50: ID | B50: Fecha | C50: Hora (ARG) | D50: Equipo 1 | E50: G1 | G50: G2 | H50: Equipo 2 | I50: Ganador | J50: Sede | K50: Override
A51: M97 | B51: 2026-07-09 | C51: 17:00 | D51: =I41 | F51: - | H51: =I40 | I51: =IF(K51<>"",K51,IF(OR(E51="",G51=""),"",IF(E51>G51,D51,IF(E51<G51,H51,"")))) | J51: Gillette Stadium, Boston
A52: M98 | B52: 2026-07-10 | C52: 16:00 | D52: =I44 | F52: - | H52: =I45 | I52: =IF(K52<>"",K52,IF(OR(E52="",G52=""),"",IF(E52>G52,D52,IF(E52<G52,H52,"")))) | J52: SoFi Stadium, Inglewood
A53: M99 | B53: 2026-07-11 | C53: 18:00 | D53: =I42 | F53: - | H53: =I43 | I53: =IF(K53<>"",K53,IF(OR(E53="",G53=""),"",IF(E53>G53,D53,IF(E53<G53,H53,"")))) | J53: Hard Rock Stadium, Miami
A54: M100 | B54: 2026-07-11 | C54: 22:00 | D54: =I46 | F54: - | H54: =I47 | I54: =IF(K54<>"",K54,IF(OR(E54="",G54=""),"",IF(E54>G54,D54,IF(E54<G54,H54,"")))) | J54: Arrowhead Stadium, Kansas City
A56: Semifinales (2 partidos)
A57: ID | B57: Fecha | C57: Hora (ARG) | D57: Equipo 1 | E57: G1 | G57: G2 | H57: Equipo 2 | I57: Ganador | J57: Sede | K57: Override
A58: M101 | B58: 2026-07-14 | C58: 16:00 | D58: =I51 | F58: - | H58: =I52 | I58: =IF(K58<>"",K58,IF(OR(E58="",G58=""),"",IF(E58>G58,D58,IF(E58<G58,H58,"")))) | J58: AT&T Stadium, Dallas
A59: M102 | B59: 2026-07-15 | C59: 16:00 | D59: =I53 | F59: - | H59: =I54 | I59: =IF(K59<>"",K59,IF(OR(E59="",G59=""),"",IF(E59>G59,D59,IF(E59<G59,H59,"")))) | J59: Mercedes-Benz Stadium, Atlanta
A61: Tercer Puesto
A62: ID | B62: Fecha | C62: Hora (ARG) | D62: Equipo 1 | E62: G1 | G62: G2 | H62: Equipo 2 | I62: Ganador | J62: Sede | K62: Override
A63: M103 | B63: 2026-07-18 | C63: 18:00 | D63: =IF(I58="","",IF(I58=D58,H58,D58)) | F63: - | H63: =IF(I59="","",IF(I59=D59,H59,D59)) | I63: =IF(K63<>"",K63,IF(OR(E63="",G63=""),"",IF(E63>G63,D63,IF(E63<G63,H63,"")))) | J63: Hard Rock Stadium, Miami
A65: FINAL
A66: ID | B66: Fecha | C66: Hora (ARG) | D66: Equipo 1 | E66: G1 | G66: G2 | H66: Equipo 2 | I66: Ganador | J66: Sede | K66: Override
A67: M104 | B67: 2026-07-19 | C67: 16:00 | D67: =I58 | F67: - | H67: =I59 | I67: =IF(K67<>"",K67,IF(OR(E67="",G67=""),"",IF(E67>G67,D67,IF(E67<G67,H67,"")))) | J67: MetLife Stadium, East Rutherford
A70: Notas: la columna 'Override' sirve para indicar el ganador en caso de empate (penales o ET).
A71: El emparejamiento contra '3er mejor' usa el ranking general; FIFA aplica una matriz precisa segun los grupos clasificados de los 3ros.
